YEAR,DISTRICT,VEHICLE AT FAULT,VICTIM,TYPE OF ACCIDENT,# INJURED,# KILLED ,,,
2008,NORTH WEST DELHI,UNKNOWN,CAR,FATAL ACCIDENT,0,1,,,
2008,NORTH WEST DELHI,UNKNOWN,CYCLE,SIMPLE ACCIDENT,1,0,,,
2008,NEW DELHI,HTV/GDS,PEDESTRIAN,FATAL ACCIDENT,0,1,,,
2008,EAST DELHI,S/C&M/C,PEDESTRIAN,SIMPLE ACCIDENT,1,0,,,
2008,SHAHDARA,S/C&M/C,PEDESTRIAN,SIMPLE ACCIDENT,1,0,,,
2008,WEST DELHI,UNKNOWN,PEDESTRIAN,SIMPLE ACCIDENT,1,0,,,
2008,NEW DELHI,PVT CAR,S/C & M/C,SIMPLE ACCIDENT,2,0,,,
2008,SOUTH WEST DELHI,UNKNOWN,PEDESTRIAN,SIMPLE ACCIDENT,1,0,,,
2008,NORTH DELHI(ROHINI),HTV/GDS,HTV,SIMPLE ACCIDENT,1,0,,,
2008,SOUTH WEST DELHI,BUS OTR,CYCLE,SIMPLE ACCIDENT,1,0,,,
2008,NORTH EAST DELHI,S/C&M/C,PEDESTRIAN,FATAL ACCIDENT,0,1,,,
2008,SOUTH WEST DELHI,UNKNOWN,PEDESTRIAN,FATAL ACCIDENT,0,1,,,
2008,SOUTH EAST DELHI,PVT CAR,CAR,NON INJURY,0,0,,,
2008,WEST DELHI,UNKNOWN,PEDESTRIAN,FATAL ACCIDENT,0,1,,,
2008,NORTH WEST DELHI,MIN.BUS,CYCLE RICKSHAW,SIMPLE ACCIDENT,1,0,,,
2008,SHAHDARA,PVT CAR,S/C & M/C,FATAL ACCIDENT,0,1,,,
2008,SOUTH EAST DELHI,UNKNOWN,PEDESTRIAN,SIMPLE ACCIDENT,1,0,,, 
2008,NORTH DELHI(ROHINI),S/C&M/C,PEDESTRIAN,SIMPLE ACCIDENT,1,0,,,
2008,NORTH DELHI(ROHINI),PVT CAR,PEDESTRIAN,SIMPLE ACCIDENT,1,0,,,
2008,NEW DELHI,TEMPO,S/C & M/C,NON INJURY,0,0,,,
2008,CENTRAL DELHI,PVT CAR,PEDESTRIAN,SIMPLE ACCIDENT,1,0,,,
2008,CENTRAL DELHI,TSR,PEDESTRIAN,SIMPLE ACCIDENT,1,0,,,
2008,SOUTH DELHI,UNKNOWN,S/C & M/C,FATAL ACCIDENT,0,1,,,
2008,CENTRAL DELHI,BLUE LN,S/C & M/C,SIMPLE ACCIDENT,1,0,,,
2008,NEW DELHI,PVT CAR,HDC,FATAL ACCIDENT,0,1,,,
2008,SHAHDARA,S/C&M/C,PEDESTRIAN,SIMPLE ACCIDENT,1,0,,,
2008,WEST DELHI,PVT CAR,TSR,SIMPLE ACCIDENT,1,0,,,
2008,WEST DELHI,TEMPO,S/C & M/C,FATAL ACCIDENT,0,1,,,
2008,WEST DELHI,UNKNOWN,S/C & M/C,FATAL ACCIDENT,0,1,,,
2008,WEST DELHI,BUS OTR,PEDESTRIAN,SIMPLE ACCIDENT,1,0,,,
2008,EAST DELHI,PVT CAR,SELF,NON INJURY,0,0,,,
2008,EAST DELHI,PVT CAR,TSR,SIMPLE ACCIDENT,1,0,,,
2008,NEW DELHI,UNKNOWN,S/C & M/C,FATAL ACCIDENT,0,1,,,
2008,NEW DELHI,HTV/GDS,PEDESTRIAN,SIMPLE ACCIDENT,1,0,,,
2008,SHAHDARA,PVT CAR,CAR,NON INJURY,0,0,,,
2008,SOUTH EAST DELHI,UNKNOWN,PEDESTRIAN,SIMPLE ACCIDENT,1,0,,,
2008,NORTH WEST DELHI,TEMPO,S/C & M/C,SIMPLE ACCIDENT,1,0,,,
2008,NORTH EAST DELHI,HTV/GDS,PEDESTRIAN,FATAL ACCIDENT,0,1,,,
2008,NORTH EAST DELHI,TSR,PEDESTRIAN,SIMPLE ACCIDENT,1,0,,,
2008,NORTH EAST DELHI,TEMPO,PEDESTRIAN,SIMPLE ACCIDENT,1,0,,,
2008,NORTH EAST DELHI,TSR,PEDESTRIAN,SIMPLE ACCIDENT,2,0,,,
2008,NEW DELHI,UNKNOWN,S/C & M/C,SIMPLE ACCIDENT,1,0,,,
2008,NEW DELHI,TRACTOR,TSR,SIMPLE ACCIDENT,1,0,,,
2008,NEW DELHI,PVT CAR,TSR,SIMPLE ACCIDENT,1,0,,,
2008,SOUTH WEST DELHI,CAL CAB,CAR,SIMPLE ACCIDENT,1,0,,,
2008,NORTH WEST DELHI,UNKNOWN,PEDESTRIAN,SIMPLE ACCIDENT,1,0,,,
2008,NORTH WEST DELHI,UNKNOWN,PEDESTRIAN,SIMPLE ACCIDENT,1,0,,,
2008,SOUTH EAST DELHI,PVT CAR,PEDESTRIAN,SIMPLE ACCIDENT,1,0,,,
2008,NEW DELHI,PVT CAR,CAR,SIMPLE ACCIDENT,2,0,,,
2008,CENTRAL DELHI,PVT CAR,S/C & M/C,SIMPLE ACCIDENT,1,0,,,
2008,SOUTH EAST DELHI,TRL/CON,PEDESTRIAN,FATAL ACCIDENT,0,1,,,
2008,SOUTH WEST DELHI,PVT CAR,PEDESTRIAN,SIMPLE ACCIDENT,1,0,,,
2008,NORTH EAST DELHI,TEMPO,S/C & M/C,SIMPLE ACCIDENT,1,0,,,
2008,NORTH DELHI(ROHINI),TEMPO,CAR,SIMPLE ACCIDENT,1,0,,,
2008,NORTH DELHI(ROHINI),TRL/CON,TMP,SIMPLE ACCIDENT,1,0,,,
2008,SOUTH WEST DELHI,PVT CAR,S/C & M/C,SIMPLE ACCIDENT,1,0,,,
2008,CENTRAL DELHI,S/C&M/C,PEDESTRIAN,SIMPLE ACCIDENT,1,0,,,
2008,NORTH DELHI(ROHINI),PVT CAR,CYCLE,SIMPLE ACCIDENT,1,0,,,
2008,SOUTH EAST DELHI,HTV/GDS,S/C & M/C,SIMPLE ACCIDENT,1,0,,,
2008,CENTRAL DELHI,UNKNOWN,PEDESTRIAN,SIMPLE ACCIDENT,1,0,,,
2008,NORTH WEST DELHI,UNKNOWN,PEDESTRIAN,SIMPLE ACCIDENT,1,0,,,
2008,EAST DELHI,PVT CAR,CYCLE RICKSHAW,SIMPLE ACCIDENT,2,0,,,
2008,SHAHDARA,UNKNOWN,PEDESTRIAN,FATAL ACCIDENT,0,1,,,
2008,EAST DELHI,TSR,CYCLE,SIMPLE ACCIDENT,1,0,,,
2008,SOUTH WEST DELHI,TANKER,CYCLE,SIMPLE ACCIDENT,1,0,,,
2008,CENTRAL DELHI,PVT CAR,S/C & M/C,FATAL ACCIDENT,0,1,,,
2008,SOUTH WEST DELHI,PVT CAR,PEDESTRIAN,SIMPLE ACCIDENT,1,0,,,
2008,NEW DELHI,S/C&M/C,PEDESTRIAN,SIMPLE ACCIDENT,1,0,,,
2008,SOUTH EAST DELHI,UNKNOWN,PEDESTRIAN,FATAL ACCIDENT,0,1,,,
2008,NORTH DELHI(ROHINI),TEMPO,S/C & M/C,SIMPLE ACCIDENT,1,0,,,
2008,NORTH DELHI(ROHINI),HTV/GDS,PEDESTRIAN,SIMPLE ACCIDENT,1,0,,,
2008,SOUTH EAST DELHI,UNKNOWN,PEDESTRIAN,FATAL ACCIDENT,0,1,,,
2008,NEW DELHI,S/C&M/C,SELF,FATAL ACCIDENT,0,1,,,
2008,CENTRAL DELHI,BLUE LN,CAR,NON INJURY,0,0,,,
2008,NORTH EAST DELHI,S/C&M/C,S/C & M/C,SIMPLE ACCIDENT,1,0,,,
2008,EAST DELHI,PVT CAR,S/C & M/C,SIMPLE ACCIDENT,1,0,,,
2008,NEW DELHI,UNKNOWN,S/C & M/C,SIMPLE ACCIDENT,1,0,,,
2008,NORTH WEST DELHI,MIN.BUS,PASSANGER,SIMPLE ACCIDENT,21,0,,,
2008,NEW DELHI,PVT CAR,S/C & M/C,SIMPLE ACCIDENT,1,0,,,
2008,SOUTH EAST DELHI,BLUE LN,CAR,SIMPLE ACCIDENT,2,0,,,
2008,SOUTH WEST DELHI,PVT CAR,S/C & M/C,SIMPLE ACCIDENT,1,0,,,
2008,NORTH EAST DELHI,UNKNOWN,PEDESTRIAN,SIMPLE ACCIDENT,1,0,,,
2008,NORTH EAST DELHI,TSR,PEDESTRIAN,SIMPLE ACCIDENT,1,0,,,
2008,NORTH EAST DELHI,PVT CAR,S/C & M/C,SIMPLE ACCIDENT,1,0,,,
2008,SOUTH EAST DELHI,UNKNOWN,CAR,SIMPLE ACCIDENT,2,0,,,
2008,SOUTH EAST DELHI,UNKNOWN,PEDESTRIAN,FATAL ACCIDENT,0,1,,,
2008,SOUTH WEST DELHI,PVT CAR,S/C & M/C,SIMPLE ACCIDENT,1,0,,,
2008,SHAHDARA,S/C&M/C,PEDESTRIAN,SIMPLE ACCIDENT,1,0,,,
2008,NORTH WEST DELHI,S/C&M/C,PEDESTRIAN,SIMPLE ACCIDENT,1,0,,,
2008,CENTRAL DELHI,PVT CAR,S/C & M/C,SIMPLE ACCIDENT,1,0,,,
2008,SOUTH DELHI,PVT CAR,PEDESTRIAN,FATAL ACCIDENT,0,1,,,
2008,SOUTH DELHI,S/C&M/C,PEDESTRIAN,SIMPLE ACCIDENT,1,0,,,
2008,SHAHDARA,TAXI,S/C & M/C,SIMPLE ACCIDENT,1,0,,,
2008,NORTH DELHI(ROHINI),TEMPO,S/C & M/C,SIMPLE ACCIDENT,2,0,,,
2008,NORTH WEST DELHI,PVT CAR,S/C & M/C,SIMPLE ACCIDENT,1,0,,,
2008,NORTH DELHI(ROHINI),TSR,PEDESTRIAN,SIMPLE ACCIDENT,1,0,,,
2008,SHAHDARA,PVT CAR,S/C & M/C,SIMPLE ACCIDENT,1,0,,,
2008,SHAHDARA,S/C&M/C,CYCLE RICKSHAW,SIMPLE ACCIDENT,1,0,,,
2008,NORTH DELHI(ROHINI),UNKNOWN,PEDESTRIAN,FATAL ACCIDENT,0,1,,,
2008,NORTH WEST DELHI,S/C&M/C,PEDESTRIAN,SIMPLE ACCIDENT,1,0,,,
2008,NEW DELHI,PVT CAR,CAR,NON INJURY,0,0,,,
2008,CENTRAL DELHI,UNKNOWN,S/C & M/C,FATAL ACCIDENT,0,1,,,
2008,NEW DELHI,BLUE LN,PEDESTRIAN,SIMPLE ACCIDENT,1,0,,,
2008,NEW DELHI,PVT CAR,SELF,NON INJURY,0,0,,,
2008,NORTH WEST DELHI,S/C&M/C,S/C & M/C,SIMPLE ACCIDENT,1,0,,,
2008,SHAHDARA,PVT CAR,CYCLE RICKSHAW,SIMPLE ACCIDENT,1,0,,,
2008,NORTH DELHI(ROHINI),TEMPO,PEDESTRIAN,SIMPLE ACCIDENT,1,0,,,
2008,CENTRAL DELHI,UNKNOWN,PEDESTRIAN,FATAL ACCIDENT,0,1,,,
2008,NEW DELHI,UNKNOWN,PEDESTRIAN,SIMPLE ACCIDENT,1,0,,,
2008,CENTRAL DELHI,TAXI,CAR,SIMPLE ACCIDENT,1,0,,,
2008,SOUTH WEST DELHI,CAL CAB,CAR,SIMPLE ACCIDENT,1,0,,,
2008,SOUTH EAST DELHI,PVT CAR,S/C & M/C,SIMPLE ACCIDENT,1,0,,,
2008,NEW DELHI,TAXI,PEDESTRIAN,SIMPLE ACCIDENT,1,0,,,
2008,NORTH EAST DELHI,S/C&M/C,PEDESTRIAN,SIMPLE ACCIDENT,1,0,,,
2008,EAST DELHI,UNKNOWN,S/C & M/C,FATAL ACCIDENT,0,1,,,
2008,NORTH DELHI(ROHINI),TSR,SELF,SIMPLE ACCIDENT,1,0,,,
2008,SOUTH WEST DELHI,UNKNOWN,S/C & M/C,SIMPLE ACCIDENT,1,0,,,
2008,SOUTH EAST DELHI,UNKNOWN,PEDESTRIAN,SIMPLE ACCIDENT,1,0,,,
2008,CENTRAL DELHI,PVT CAR,PEDESTRIAN,SIMPLE ACCIDENT,1,0,,,
2008,NEW DELHI,HTV/GDS,SELF,NON INJURY,0,0,,,
2008,NORTH WEST DELHI,PVT CAR,S/C & M/C,SIMPLE ACCIDENT,1,0,,,
2008,NORTH WEST DELHI,PVT CAR,S/C & M/C,SIMPLE ACCIDENT,1,0,,,
2008,SHAHDARA,TEMPO,S/C & M/C,SIMPLE ACCIDENT,2,0,,,
2008,NEW DELHI,TEMPO,CAR,SIMPLE ACCIDENT,1,0,,,
2008,NEW DELHI,PVT CAR,PEDESTRIAN,SIMPLE ACCIDENT,3,0,,,
2008,NORTH WEST DELHI,S/C&M/C,S/C & M/C,SIMPLE ACCIDENT,1,0,,,
2008,NEW DELHI,PVT CAR,PEDESTRIAN,SIMPLE ACCIDENT,1,0,,,
2008,NEW DELHI,PVT CAR,PEDESTRIAN,FATAL ACCIDENT,0,1,,,
2008,CENTRAL DELHI,TSR,PEDESTRIAN,SIMPLE ACCIDENT,1,0,,,
2008,SOUTH EAST DELHI,UNKNOWN,PEDESTRIAN,SIMPLE ACCIDENT,1,0,,,
2008,NORTH DELHI(ROHINI),PVT CAR,S/C & M/C,SIMPLE ACCIDENT,1,0,,,
2008,NEW DELHI,S/C&M/C,SELF,SIMPLE ACCIDENT,3,0,,,
2008,EAST DELHI,UNKNOWN,PEDESTRIAN,SIMPLE ACCIDENT,1,0,,,
2008,EAST DELHI,PVT CAR,PEDESTRIAN,SIMPLE ACCIDENT,1,0,,,
2008,WEST DELHI,UNKNOWN,PEDESTRIAN,SIMPLE ACCIDENT,1,0,,,
2008,SOUTH EAST DELHI,S/C&M/C,S/C & M/C,SIMPLE ACCIDENT,1,0,,,
2008,NORTH DELHI(ROHINI),BLUE LN,PASSANGER,SIMPLE ACCIDENT,1,0,,,
2008,NEW DELHI,TEMPO,CYCLE,SIMPLE ACCIDENT,1,0,,,
2008,WEST DELHI,S/C&M/C,PEDESTRIAN,SIMPLE ACCIDENT,1,0,,,
2008,NORTH WEST DELHI,PVT CAR,S/C & M/C,SIMPLE ACCIDENT,1,0,,,
2008,NEW DELHI,PVT CAR,PEDESTRIAN,SIMPLE ACCIDENT,1,0,,,
2008,EAST DELHI,S/C&M/C,PEDESTRIAN,SIMPLE ACCIDENT,1,0,,,
2008,SHAHDARA,PVT CAR,TNG,SIMPLE ACCIDENT,1,0,,,
2008,WEST DELHI,PVT CAR,PEDESTRIAN,SIMPLE ACCIDENT,1,0,,,
2008,NORTH WEST DELHI,BLUE LN,PEDESTRIAN,SIMPLE ACCIDENT,1,0,,,
2008,SOUTH EAST DELHI,HTV/GDS,PEDESTRIAN,SIMPLE ACCIDENT,1,0,,,
2008,CENTRAL DELHI,UNKNOWN,PEDESTRIAN,FATAL ACCIDENT,0,1,,,
2008,NORTH DELHI(ROHINI),TEMPO,PEDESTRIAN,SIMPLE ACCIDENT,1,0,,,
2008,SOUTH EAST DELHI,BLUE LN,CAR,NON INJURY,0,0,,,
2008,WEST DELHI,UNKNOWN,PEDESTRIAN,SIMPLE ACCIDENT,1,0,,,
2008,SOUTH WEST DELHI,MIN.BUS,S/C & M/C,SIMPLE ACCIDENT,1,0,,,
2008,NORTH DELHI(ROHINI),HTV/GDS,S/C & M/C,SIMPLE ACCIDENT,1,0,,,
2008,CENTRAL DELHI,S/C&M/C,PEDESTRIAN,SIMPLE ACCIDENT,1,0,,,
2008,CENTRAL DELHI,S/C&M/C,PEDESTRIAN,SIMPLE ACCIDENT,1,0,,,
2008,SOUTH DELHI,UNKNOWN,S/C & M/C,SIMPLE ACCIDENT,1,0,,,
2008,NEW DELHI,UNKNOWN,PEDESTRIAN,SIMPLE ACCIDENT,1,0,,,
2008,WEST DELHI,TEMPO,PEDESTRIAN,SIMPLE ACCIDENT,1,0,,,
2008,SHAHDARA,TEMPO,S/C & M/C,SIMPLE ACCIDENT,2,0,,,
2008,SOUTH DELHI,PVT CAR,PEDESTRIAN,SIMPLE ACCIDENT,1,0,,,
2008,NORTH WEST DELHI,UNKNOWN,CYCLE,SIMPLE ACCIDENT,1,0,,,
2008,NORTH EAST DELHI,S/C&M/C,PEDESTRIAN,SIMPLE ACCIDENT,1,0,,,
2008,NORTH EAST DELHI,UNKNOWN,PEDESTRIAN,FATAL ACCIDENT,0,1,,,
2008,CENTRAL DELHI,DTC BUS,S/C & M/C,SIMPLE ACCIDENT,1,0,,,
2008,SOUTH WEST DELHI,PVT CAR,PEDESTRIAN,SIMPLE ACCIDENT,1,0,,,
2008,SOUTH WEST DELHI,PVT CAR,S/C & M/C,SIMPLE ACCIDENT,1,0,,,
2008,NORTH EAST DELHI,PVT CAR,S/C & M/C,SIMPLE ACCIDENT,1,0,,,
2008,SOUTH WEST DELHI,S/C&M/C,PEDESTRIAN,FATAL ACCIDENT,0,1,,,
2008,NEW DELHI,UNKNOWN,PEDESTRIAN,FATAL ACCIDENT,0,1,,,
2008,NEW DELHI,PVT CAR,PEDESTRIAN,SIMPLE ACCIDENT,1,0,,,
2008,SOUTH WEST DELHI,S/C&M/C,PEDESTRIAN,SIMPLE ACCIDENT,1,0,,,
2008,EAST DELHI,PVT CAR,PEDESTRIAN,SIMPLE ACCIDENT,2,0,,,
2008,EAST DELHI,PVT CAR,CAR,SIMPLE ACCIDENT,1,0,,,
2008,EAST DELHI,PVT CAR,PEDESTRIAN,SIMPLE ACCIDENT,1,0,,,
2008,NEW DELHI,DTC BUS,PASSANGER,SIMPLE ACCIDENT,1,0,,,
2008,NORTH DELHI(ROHINI),PVT CAR,PEDESTRIAN,SIMPLE ACCIDENT,1,0,,,
2008,EAST DELHI,DELIVRY,CAR,SIMPLE ACCIDENT,1,0,,,
2008,NEW DELHI,PVT CAR,S/C & M/C,SIMPLE ACCIDENT,1,0,,,
2008,WEST DELHI,UNKNOWN,CYCLE,FATAL ACCIDENT,0,1,,,
2008,NEW DELHI,HTV/GDS,S/C & M/C,FATAL ACCIDENT,1,1,,,
2008,NORTH WEST DELHI,UNKNOWN,PEDESTRIAN,SIMPLE ACCIDENT,1,0,,,
2008,SOUTH WEST DELHI,PVT CAR,S/C & M/C,SIMPLE ACCIDENT,1,0,,,
2008,NEW DELHI,UNKNOWN,S/C & M/C,FATAL ACCIDENT,2,1,,,
2008,NORTH DELHI(ROHINI),HTV/GDS,CAR,NON INJURY,0,0,,,
2008,NORTH DELHI(ROHINI),PVT CAR,CYCLE,FATAL ACCIDENT,0,1,,,
2008,SOUTH EAST DELHI,UNKNOWN,S/C & M/C,SIMPLE ACCIDENT,1,0,,,
2008,NORTH WEST DELHI,HTV/GDS,TMP,SIMPLE ACCIDENT,1,0,,,
2008,SOUTH WEST DELHI,S/C&M/C,PEDESTRIAN,SIMPLE ACCIDENT,1,0,,,
2008,CENTRAL DELHI,TSR,PEDESTRIAN,SIMPLE ACCIDENT,2,0,,,
2008,SOUTH EAST DELHI,UNKNOWN,S/C & M/C,SIMPLE ACCIDENT,1,0,,,
2008,CENTRAL DELHI,HTV/GDS,PEDESTRIAN,FATAL ACCIDENT,0,1,,,
2008,SOUTH WEST DELHI,S/C&M/C,PEDESTRIAN,SIMPLE ACCIDENT,1,0,,,
2008,NORTH DELHI(ROHINI),UNKNOWN,PEDESTRIAN,FATAL ACCIDENT,0,1,,,
2008,NEW DELHI,PVT CAR,PEDESTRIAN,SIMPLE ACCIDENT,1,0,,,
2008,NEW DELHI,PVT CAR,S/C & M/C,FATAL ACCIDENT,0,1,,,
2008,SOUTH EAST DELHI,MIN.BUS,PASSANGER,SIMPLE ACCIDENT,1,0,,,
2008,NORTH DELHI(ROHINI),PVT CAR,PEDESTRIAN,SIMPLE ACCIDENT,1,0,,,
2008,EAST DELHI,HTV/GDS,CYCLE RICKSHAW,FATAL ACCIDENT,0,1,,,
2008,NORTH DELHI(ROHINI),UNKNOWN,S/C & M/C,SIMPLE ACCIDENT,2,0,,,
2008,NEW DELHI,PVT CAR,CAR,SIMPLE ACCIDENT,1,0,,,
2008,NEW DELHI,UNKNOWN,PEDESTRIAN,FATAL ACCIDENT,0,1,,,
2008,NORTH WEST DELHI,PVT CAR,CAR,SIMPLE ACCIDENT,1,0,,,
2008,NORTH WEST DELHI,PVT CAR,S/C & M/C,SIMPLE ACCIDENT,1,0,,,
2008,SOUTH EAST DELHI,PVT CAR,CYCLE,SIMPLE ACCIDENT,1,0,,,
2008,NEW DELHI,UNKNOWN,S/C & M/C,FATAL ACCIDENT,0,2,,,
2008,SHAHDARA,PVT CAR,S/C & M/C,SIMPLE ACCIDENT,1,0,,,
2008,EAST DELHI,HTV/GDS,S/C & M/C,SIMPLE ACCIDENT,1,0,,,
2008,EAST DELHI,BLUE LN,PEDESTRIAN,SIMPLE ACCIDENT,1,0,,,
2008,NEW DELHI,BLUE LN,TSR,SIMPLE ACCIDENT,1,0,,,
2008,CENTRAL DELHI,BUS OTR,S/C & M/C,SIMPLE ACCIDENT,2,0,,,
2008,CENTRAL DELHI,PVT CAR,SELF,SIMPLE ACCIDENT,1,0,,,
2008,CENTRAL DELHI,BLUE LN,PEDESTRIAN,FATAL ACCIDENT,0,1,,,
2008,NORTH DELHI(ROHINI),S/C&M/C,PEDESTRIAN,SIMPLE ACCIDENT,1,0,,,
2008,SOUTH DELHI,PVT CAR,PEDESTRIAN,SIMPLE ACCIDENT,1,0,,,
2008,NORTH DELHI(ROHINI),PVT CAR,CYCLE RICKSHAW,SIMPLE ACCIDENT,1,0,,,
2008,WEST DELHI,TEMPO,CYCLE,SIMPLE ACCIDENT,1,0,,,
2008,NORTH EAST DELHI,HTV/GDS,SELF,NON INJURY,0,0,,,
2008,WEST DELHI,PVT CAR,TSR,NON INJURY,0,0,,,
2008,NORTH DELHI(ROHINI),S/C&M/C,PEDESTRIAN,SIMPLE ACCIDENT,1,0,,,
2008,NEW DELHI,TEMPO,CAR,NON INJURY,0,0,,,
2008,NEW DELHI,UNKNOWN,CYCLE,SIMPLE ACCIDENT,1,0,,,
2008,CENTRAL DELHI,PVT CAR,SELF,FATAL ACCIDENT,1,1,,,
2008,NORTH EAST DELHI,S/C&M/C,S/C & M/C,SIMPLE ACCIDENT,1,0,,,
2008,SOUTH EAST DELHI,PVT CAR,CAR,SIMPLE ACCIDENT,1,0,,,
2008,NORTH EAST DELHI,BUS OTR,S/C & M/C,SIMPLE ACCIDENT,1,0,,,
2008,NORTH WEST DELHI,UNKNOWN,PEDESTRIAN,SIMPLE ACCIDENT,1,0,,,
2008,EAST DELHI,PVT CAR,CYCLE,SIMPLE ACCIDENT,1,0,,,
2008,NORTH WEST DELHI,PVT CAR,S/C & M/C,SIMPLE ACCIDENT,3,0,,,
2008,NORTH DELHI(ROHINI),DTC BUS,CAR,SIMPLE ACCIDENT,1,0,,,
2008,SOUTH EAST DELHI,PVT CAR,CAR,SIMPLE ACCIDENT,1,0,,,
2008,NORTH WEST DELHI,TEMPO,S/C & M/C,SIMPLE ACCIDENT,1,0,,,
2008,SOUTH WEST DELHI,UNKNOWN,PEDESTRIAN,SIMPLE ACCIDENT,1,0,,,
2008,SOUTH EAST DELHI,HTV/GDS,PEDESTRIAN,SIMPLE ACCIDENT,1,0,,,
2008,WEST DELHI,UNKNOWN,PEDESTRIAN,FATAL ACCIDENT,0,1,,,
2008,SOUTH EAST DELHI,S/C&M/C,SELF,SIMPLE ACCIDENT,1,0,,,
2008,WEST DELHI,S/C&M/C,S/C & M/C,FATAL ACCIDENT,0,1,,,
2008,NORTH DELHI(ROHINI),UNKNOWN,S/C & M/C,SIMPLE ACCIDENT,1,0,,,
2008,CENTRAL DELHI,S/C&M/C,PEDESTRIAN,SIMPLE ACCIDENT,1,0,,,
2008,NEW DELHI,UNKNOWN,PEDESTRIAN,SIMPLE ACCIDENT,1,0,,,
2008,SHAHDARA,TEMPO,PEDESTRIAN,SIMPLE ACCIDENT,1,0,,,
2008,WEST DELHI,TRL/CON,PEDESTRIAN,SIMPLE ACCIDENT,1,0,,,
2008,SHAHDARA,HTV/GDS,CAR,NON INJURY,0,0,,,
2008,NEW DELHI,BLUE LN,CAR,NON INJURY,0,0,,,
2008,SHAHDARA,TEMPO,SELF,NON INJURY,0,0,,,
2008,SOUTH WEST DELHI,UNKNOWN,PEDESTRIAN,FATAL ACCIDENT,0,1,,,
2008,SOUTH WEST DELHI,TRACTOR,S/C & M/C,SIMPLE ACCIDENT,1,0,,,
2008,EAST DELHI,S/C&M/C,CYCLE,SIMPLE ACCIDENT,2,0,,,
2008,EAST DELHI,PVT CAR,CAR,SIMPLE ACCIDENT,4,0,,,
2008,EAST DELHI,BLUE LN,CYCLE,FATAL ACCIDENT,0,1,,,
2008,SOUTH EAST DELHI,TANKER,PEDESTRIAN,SIMPLE ACCIDENT,1,0,,,
2008,SOUTH WEST DELHI,TANKER,S/C & M/C,FATAL ACCIDENT,0,1,,,
2008,NORTH EAST DELHI,UNKNOWN,PEDESTRIAN,SIMPLE ACCIDENT,1,0,,,
2008,NORTH DELHI(ROHINI),PVT CAR,PEDESTRIAN,FATAL ACCIDENT,0,1,,,
2008,EAST DELHI,S/C&M/C,PEDESTRIAN,SIMPLE ACCIDENT,1,0,,,
2008,EAST DELHI,BLUE LN,CAR,NON INJURY,0,0,,,
2008,WEST DELHI,PVT CAR,PEDESTRIAN,SIMPLE ACCIDENT,1,0,,,
2008,NORTH DELHI(ROHINI),S/C&M/C,S/C & M/C,SIMPLE ACCIDENT,1,0,,,
2008,NEW DELHI,PVT CAR,S/C & M/C,SIMPLE ACCIDENT,1,0,,,
2008,SOUTH WEST DELHI,UNKNOWN,PEDESTRIAN,FATAL ACCIDENT,0,1,,,
2008,WEST DELHI,S/C&M/C,TNG,SIMPLE ACCIDENT,1,0,,,
2008,NORTH DELHI(ROHINI),HTV/GDS,S/C & M/C,FATAL ACCIDENT,0,1,,,
2008,NORTH EAST DELHI,S/C&M/C,PEDESTRIAN,SIMPLE ACCIDENT,2,0,,,
2008,NEW DELHI,UNKNOWN,PEDESTRIAN,SIMPLE ACCIDENT,1,0,,,
2008,NEW DELHI,TAXI,PEDESTRIAN,FATAL ACCIDENT,0,1,,,
2008,NORTH EAST DELHI,PVT CAR,PEDESTRIAN,SIMPLE ACCIDENT,1,0,,,
2008,SOUTH EAST DELHI,UNKNOWN,S/C & M/C,SIMPLE ACCIDENT,1,0,,,
2008,SOUTH EAST DELHI,S/C&M/C,CYCLE RICKSHAW,SIMPLE ACCIDENT,1,0,,,
2008,SOUTH EAST DELHI,TSR,SELF,SIMPLE ACCIDENT,1,0,,,
2008,CENTRAL DELHI,S/C&M/C,CYCLE,SIMPLE ACCIDENT,1,0,,,
2008,CENTRAL DELHI,TSR,S/C & M/C,SIMPLE ACCIDENT,1,0,,,
2008,NORTH EAST DELHI,TEMPO,SELF,FATAL ACCIDENT,1,1,,,
2008,CENTRAL DELHI,PVT CAR,S/C & M/C,SIMPLE ACCIDENT,1,0,,,
2008,NORTH DELHI(ROHINI),PVT CAR,S/C & M/C,SIMPLE ACCIDENT,2,0,,,
2008,NORTH WEST DELHI,HTV/GDS,S/C & M/C,FATAL ACCIDENT,0,2,,,
2008,NEW DELHI,S/C&M/C,PEDESTRIAN,SIMPLE ACCIDENT,1,0,,,
2008,CENTRAL DELHI,PVT CAR,S/C & M/C,SIMPLE ACCIDENT,1,0,,,
2008,NORTH DELHI(ROHINI),TSR,PEDESTRIAN,SIMPLE ACCIDENT,1,0,,,
2008,SHAHDARA,S/C&M/C,PEDESTRIAN,SIMPLE ACCIDENT,1,0,,,
2008,WEST DELHI,PVT CAR,PEDESTRIAN,SIMPLE ACCIDENT,1,0,,,
2008,NORTH DELHI(ROHINI),PVT CAR,CYCLE,SIMPLE ACCIDENT,1,0,,,
2008,EAST DELHI,S/C&M/C,PEDESTRIAN,SIMPLE ACCIDENT,1,0,,,
2008,WEST DELHI,PVT CAR,S/C & M/C,SIMPLE ACCIDENT,1,0,,,
2008,NORTH DELHI(ROHINI),HTV/GDS,S/C & M/C,SIMPLE ACCIDENT,1,0,,,
2008,NEW DELHI,PVT CAR,CAR,SIMPLE ACCIDENT,1,0,,,
2008,NEW DELHI,CAL CAB,CAR,NON INJURY,0,0,,,
2008,SOUTH WEST DELHI,UNKNOWN,PEDESTRIAN,SIMPLE ACCIDENT,1,0,,,
2008,EAST DELHI,PVT CAR,S/C & M/C,SIMPLE ACCIDENT,3,0,,,
2008,SOUTH EAST DELHI,PVT CAR,S/C & M/C,SIMPLE ACCIDENT,2,0,,,
2008,SHAHDARA,TSR,CYCLE,SIMPLE ACCIDENT,1,0,,,
2008,WEST DELHI,S/C&M/C,CYCLE,SIMPLE ACCIDENT,1,0,,,
2008,SOUTH WEST DELHI,S/C&M/C,CYCLE RICKSHAW,SIMPLE ACCIDENT,1,0,,,
2008,EAST DELHI,PVT CAR,PEDESTRIAN,SIMPLE ACCIDENT,1,0,,,
2008,SOUTH DELHI,UNKNOWN,TSR,SIMPLE ACCIDENT,3,0,,,
2008,EAST DELHI,PVT CAR,S/C & M/C,SIMPLE ACCIDENT,1,0,,,
2008,EAST DELHI,PVT CAR,S/C & M/C,SIMPLE ACCIDENT,1,0,,,
2008,SOUTH WEST DELHI,UNKNOWN,S/C & M/C,SIMPLE ACCIDENT,1,0,,,
2008,NORTH DELHI(ROHINI),HTV/GDS,HTV,SIMPLE ACCIDENT,1,0,,,
2008,SOUTH WEST DELHI,BLUE LN,PEDESTRIAN,FATAL ACCIDENT,0,1,,,
2008,SOUTH DELHI,S/C&M/C,PEDESTRIAN,FATAL ACCIDENT,0,1,,,
2008,NORTH DELHI(ROHINI),PVT CAR,PEDESTRIAN,SIMPLE ACCIDENT,1,0,,,
2008,NEW DELHI,PVT CAR,CAR,SIMPLE ACCIDENT,2,0,,,
2008,NEW DELHI,UNKNOWN,S/C & M/C,SIMPLE ACCIDENT,1,0,,,
2008,NORTH WEST DELHI,PVT CAR,S/C & M/C,SIMPLE ACCIDENT,1,0,,,
2008,EAST DELHI,UNKNOWN,S/C & M/C,FATAL ACCIDENT,0,1,,,
2008,NEW DELHI,PVT CAR,S/C & M/C,SIMPLE ACCIDENT,2,0,,,
2008,CENTRAL DELHI,PVT CAR,S/C & M/C,SIMPLE ACCIDENT,1,0,,,
2008,SOUTH EAST DELHI,UNKNOWN,S/C & M/C,SIMPLE ACCIDENT,1,0,,,
2008,NORTH DELHI(ROHINI),S/C&M/C,PEDESTRIAN,SIMPLE ACCIDENT,1,0,,,
2008,EAST DELHI,PVT CAR,CAR,SIMPLE ACCIDENT,1,0,,,
2008,SHAHDARA,BLUE LN,S/C & M/C,SIMPLE ACCIDENT,1,0,,,
2008,EAST DELHI,BUS OTR,CAR,NON INJURY,0,0,,,
2008,SOUTH EAST DELHI,HTV/GDS,CAR,SIMPLE ACCIDENT,6,0,,,
2008,SHAHDARA,S/C&M/C,SELF,SIMPLE ACCIDENT,1,0,,,
2008,NORTH WEST DELHI,HTV/GDS,TSR,FATAL ACCIDENT,0,1,,,
2008,NORTH DELHI(ROHINI),HTV/GDS,MBS,SIMPLE ACCIDENT,4,0,,,
2008,NORTH WEST DELHI,BUS OTR,DELIVERY VAN,SIMPLE ACCIDENT,1,0,,,
2008,NEW DELHI,PVT CAR,S/C & M/C,SIMPLE ACCIDENT,1,0,,,
2008,NORTH DELHI(ROHINI),PVT CAR,CYCLE RICKSHAW,SIMPLE ACCIDENT,1,0,,,
2008,SOUTH WEST DELHI,S/C&M/C,SELF,FATAL ACCIDENT,0,1,,,
2008,WEST DELHI,UNKNOWN,PEDESTRIAN,SIMPLE ACCIDENT,1,0,,,
2008,SOUTH EAST DELHI,UNKNOWN,PEDESTRIAN,FATAL ACCIDENT,0,1,,,
2008,SOUTH WEST DELHI,PVT CAR,TNG,SIMPLE ACCIDENT,1,0,,,
2008,SOUTH EAST DELHI,PVT CAR,CAR,SIMPLE ACCIDENT,1,0,,,
2008,NEW DELHI,UNKNOWN,PEDESTRIAN,FATAL ACCIDENT,0,1,,,
2008,SOUTH DELHI,PVT CAR,PEDESTRIAN,SIMPLE ACCIDENT,1,0,,,
2008,NORTH WEST DELHI,TAXI,PEDESTRIAN,FATAL ACCIDENT,0,1,,,
2008,NORTH WEST DELHI,S/C&M/C,PEDESTRIAN,SIMPLE ACCIDENT,1,0,,,
2008,NORTH WEST DELHI,PVT CAR,S/C & M/C,SIMPLE ACCIDENT,2,0,,,
2008,EAST DELHI,TEMPO,S/C & M/C,SIMPLE ACCIDENT,1,0,,,
2008,NEW DELHI,TSR,PEDESTRIAN,SIMPLE ACCIDENT,1,0,,,
2008,NEW DELHI,UNKNOWN,S/C & M/C,SIMPLE ACCIDENT,1,0,,,
2008,CENTRAL DELHI,PVT CAR,S/C & M/C,SIMPLE ACCIDENT,1,0,,,
2008,SOUTH EAST DELHI,HTV/GDS,CYCLE,NON INJURY,0,0,,,
2008,CENTRAL DELHI,HTV/GDS,S/C & M/C,SIMPLE ACCIDENT,1,0,,,
2008,NORTH EAST DELHI,PVT CAR,S/C & M/C,NON INJURY,0,0,,,
2008,SOUTH EAST DELHI,TAXI,S/C & M/C,SIMPLE ACCIDENT,1,0,,,
2008,SOUTH WEST DELHI,HTV/GDS,S/C & M/C,SIMPLE ACCIDENT,2,0,,,
2008,SOUTH EAST DELHI,PVT CAR,CAR,SIMPLE ACCIDENT,5,0,,,
2008,EAST DELHI,TAXI,S/C & M/C,SIMPLE ACCIDENT,2,0,,,
2008,SOUTH EAST DELHI,UNKNOWN,PEDESTRIAN,SIMPLE ACCIDENT,1,0,,,
2008,WEST DELHI,PVT CAR,S/C & M/C,SIMPLE ACCIDENT,1,0,,,
2008,EAST DELHI,TEMPO,PEDESTRIAN,FATAL ACCIDENT,0,1,,,
2008,NORTH DELHI(ROHINI),MIN.BUS,CYCLE,SIMPLE ACCIDENT,1,0,,,
2008,SOUTH WEST DELHI,PVT CAR,PEDESTRIAN,SIMPLE ACCIDENT,1,0,,,
2008,NORTH DELHI(ROHINI),S/C&M/C,PEDESTRIAN,SIMPLE ACCIDENT,1,0,,,
2008,NORTH DELHI(ROHINI),BLUE LN,PEDESTRIAN,FATAL ACCIDENT,0,1,,,
2008,SOUTH DELHI,PVT CAR,TSR,SIMPLE ACCIDENT,1,0,,,
2008,CENTRAL DELHI,PVT CAR,CAR,SIMPLE ACCIDENT,2,0,,,
2008,NEW DELHI,PVT CAR,SELF,NON INJURY,0,0,,,
2008,NORTH DELHI(ROHINI),S/C&M/C,PEDESTRIAN,SIMPLE ACCIDENT,1,0,,,
2008,NEW DELHI,UNKNOWN,PEDESTRIAN,FATAL ACCIDENT,0,1,,,
2008,NORTH WEST DELHI,TEMPO,S/C & M/C,SIMPLE ACCIDENT,2,0,,,
2008,EAST DELHI,S/C&M/C,S/C & M/C,SIMPLE ACCIDENT,2,0,,,
2008,EAST DELHI,DELIVRY,S/C & M/C,SIMPLE ACCIDENT,1,0,,,
2008,EAST DELHI,PVT CAR,S/C & M/C,SIMPLE ACCIDENT,1,0,,,
2008,SOUTH EAST DELHI,UNKNOWN,PEDESTRIAN,FATAL ACCIDENT,0,1,,,
2008,WEST DELHI,PVT CAR,PEDESTRIAN,SIMPLE ACCIDENT,1,0,,,
2008,NORTH DELHI(ROHINI),S/C&M/C,PEDESTRIAN,SIMPLE ACCIDENT,1,0,,,
2008,SOUTH DELHI,HTV/GDS,PEDESTRIAN,FATAL ACCIDENT,0,1,,,
2008,EAST DELHI,TAXI,CAR,SIMPLE ACCIDENT,1,0,,,
2008,EAST DELHI,PVT CAR,CAR,NON INJURY,0,0,,,
2008,WEST DELHI,HTV/GDS,S/C & M/C,SIMPLE ACCIDENT,2,0,,,
2008,SHAHDARA,HTV/GDS,PEDESTRIAN,SIMPLE ACCIDENT,1,0,,,
2008,SOUTH EAST DELHI,PVT CAR,TSR,SIMPLE ACCIDENT,2,0,,,
2008,NORTH WEST DELHI,HTV/GDS,S/C & M/C,FATAL ACCIDENT,0,1,,,
2008,NEW DELHI,PVT CAR,PEDESTRIAN,SIMPLE ACCIDENT,1,0,,,
2008,CENTRAL DELHI,S/C&M/C,CYCLE RICKSHAW,SIMPLE ACCIDENT,1,0,,,
2008,SOUTH WEST DELHI,UNKNOWN,PEDESTRIAN,SIMPLE ACCIDENT,1,0,,,
2008,SOUTH EAST DELHI,UNKNOWN,PEDESTRIAN,FATAL ACCIDENT,0,1,,,
2008,EAST DELHI,S/C&M/C,PEDESTRIAN,SIMPLE ACCIDENT,1,0,,,
2008,SOUTH DELHI,PVT CAR,CAR,SIMPLE ACCIDENT,1,0,,,
2008,EAST DELHI,PVT CAR,PEDESTRIAN,FATAL ACCIDENT,0,1,,,
2008,NORTH DELHI(ROHINI),UNKNOWN,PEDESTRIAN,SIMPLE ACCIDENT,1,0,,,
2008,NORTH DELHI(ROHINI),UNKNOWN,S/C & M/C,SIMPLE ACCIDENT,1,0,,,
2008,NORTH DELHI(ROHINI),UNKNOWN,TNG,FATAL ACCIDENT,0,1,,,
2008,NEW DELHI,PVT CAR,PEDESTRIAN,SIMPLE ACCIDENT,1,0,,,
2008,SOUTH DELHI,TAXI,S/C & M/C,SIMPLE ACCIDENT,2,0,,,
2008,EAST DELHI,UNKNOWN,S/C & M/C,FATAL ACCIDENT,0,1,,,
2008,WEST DELHI,CAL CAB,PEDESTRIAN,SIMPLE ACCIDENT,7,0,,,
2008,NEW DELHI,TAXI,S/C & M/C,SIMPLE ACCIDENT,1,0,,,
2008,NORTH WEST DELHI,S/C&M/C,PEDESTRIAN,SIMPLE ACCIDENT,1,0,,,
2008,SOUTH WEST DELHI,UNKNOWN,S/C & M/C,SIMPLE ACCIDENT,1,0,,,
2008,SOUTH WEST DELHI,UNKNOWN,PEDESTRIAN,SIMPLE ACCIDENT,1,0,,,
2008,NEW DELHI,PVT CAR,S/C & M/C,SIMPLE ACCIDENT,1,0,,,
2008,NORTH DELHI(ROHINI),TRACTOR,PASSANGER,FATAL ACCIDENT,0,1,,,
2008,NEW DELHI,UNKNOWN,CYCLE,FATAL ACCIDENT,0,1,,,
2008,NEW DELHI,PVT CAR,PEDESTRIAN,SIMPLE ACCIDENT,1,0,,,
2008,NORTH DELHI(ROHINI),UNKNOWN,PEDESTRIAN,FATAL ACCIDENT,0,1,,,
2008,SHAHDARA,UNKNOWN,PEDESTRIAN,SIMPLE ACCIDENT,1,0,,,
2008,CENTRAL DELHI,PVT CAR,S/C & M/C,SIMPLE ACCIDENT,2,0,,,
2008,NORTH DELHI(ROHINI),HTV/GDS,S/C & M/C,SIMPLE ACCIDENT,1,0,,,
2008,NORTH DELHI(ROHINI),UNKNOWN,PEDESTRIAN,SIMPLE ACCIDENT,1,0,,,
2008,NORTH DELHI(ROHINI),PVT CAR,S/C & M/C,SIMPLE ACCIDENT,1,0,,,
2008,CENTRAL DELHI,PVT CAR,CYCLE,SIMPLE ACCIDENT,1,0,,,
2008,WEST DELHI,BLUE LN,PEDESTRIAN,FATAL ACCIDENT,0,1,,,
2008,WEST DELHI,BLUE LN,CYCLE RICKSHAW,FATAL ACCIDENT,0,1,,,
2008,NEW DELHI,UNKNOWN,PEDESTRIAN,FATAL ACCIDENT,0,1,,,
2008,WEST DELHI,UNKNOWN,S/C & M/C,SIMPLE ACCIDENT,2,0,,,
2008,SHAHDARA,S/C&M/C,S/C & M/C,SIMPLE ACCIDENT,1,0,,,
2008,CENTRAL DELHI,TEMPO,PEDESTRIAN,FATAL ACCIDENT,0,1,,,
2008,NORTH WEST DELHI,HTV/GDS,S/C & M/C,FATAL ACCIDENT,0,1,,,
2008,NORTH WEST DELHI,TRACTOR,PEDESTRIAN,SIMPLE ACCIDENT,1,0,,,
2008,NORTH WEST DELHI,DTC BUS,S/C & M/C,FATAL ACCIDENT,0,1,,,
2008,SOUTH DELHI,PVT CAR,S/C & M/C,SIMPLE ACCIDENT,1,0,,,
2008,NEW DELHI,TEMPO,CAR,SIMPLE ACCIDENT,1,0,,,
2008,SOUTH EAST DELHI,PVT CAR,S/C & M/C,SIMPLE ACCIDENT,1,0,,,
2008,SOUTH EAST DELHI,TEMPO,S/C & M/C,SIMPLE ACCIDENT,1,0,,,
2008,CENTRAL DELHI,UNKNOWN,S/C & M/C,SIMPLE ACCIDENT,1,0,,,
2008,NORTH WEST DELHI,HTV/GDS,CYCLE,SIMPLE ACCIDENT,1,0,,,
2008,EAST DELHI,UNKNOWN,PEDESTRIAN,SIMPLE ACCIDENT,2,0,,,
2008,SOUTH WEST DELHI,PVT CAR,PEDESTRIAN,SIMPLE ACCIDENT,1,0,,,
2008,CENTRAL DELHI,PVT CAR,S/C & M/C,SIMPLE ACCIDENT,1,0,,,
2008,CENTRAL DELHI,UNKNOWN,DELIVERY VAN,SIMPLE ACCIDENT,1,0,,,
2008,SOUTH EAST DELHI,PVT CAR,CRN,SIMPLE ACCIDENT,1,0,,,
2008,SOUTH WEST DELHI,S/C&M/C,SELF,FATAL ACCIDENT,1,2,,,
2008,NEW DELHI,UNKNOWN,S/C & M/C,FATAL ACCIDENT,0,1,,,
2008,WEST DELHI,PVT CAR,PEDESTRIAN,SIMPLE ACCIDENT,1,0,,,
2008,NORTH DELHI(ROHINI),MIN.BUS,CYCLE,SIMPLE ACCIDENT,1,0,,,
2008,CENTRAL DELHI,BLUE LN,PASSANGER,FATAL ACCIDENT,0,1,,,
2008,SHAHDARA,PVT CAR,PEDESTRIAN,SIMPLE ACCIDENT,2,0,,,
2008,WEST DELHI,UNKNOWN,PEDESTRIAN,SIMPLE ACCIDENT,1,0,,,
2008,CENTRAL DELHI,PVT CAR,S/C & M/C,FATAL ACCIDENT,0,1,,,
2008,SOUTH DELHI,PVT CAR,S/C & M/C,SIMPLE ACCIDENT,2,0,,,
2008,NEW DELHI,PVT CAR,S/C & M/C,FATAL ACCIDENT,0,1,,,
2008,SHAHDARA,HTV/GDS,S/C & M/C,SIMPLE ACCIDENT,1,0,,,
2008,NEW DELHI,PVT CAR,S/C & M/C,SIMPLE ACCIDENT,1,0,,,
2008,SHAHDARA,UNKNOWN,PEDESTRIAN,FATAL ACCIDENT,0,1,,,
2008,SHAHDARA,S/C&M/C,PEDESTRIAN,SIMPLE ACCIDENT,1,0,,,
2008,NORTH WEST DELHI,PVT CAR,PEDESTRIAN,SIMPLE ACCIDENT,1,0,,,
2008,NORTH WEST DELHI,TEMPO,S/C & M/C,FATAL ACCIDENT,0,1,,,
2008,NORTH DELHI(ROHINI),S/C&M/C,PEDESTRIAN,SIMPLE ACCIDENT,1,0,,,
2008,NORTH WEST DELHI,PVT CAR,CAR,SIMPLE ACCIDENT,1,0,,,
2008,NORTH WEST DELHI,S/C&M/C,PEDESTRIAN,SIMPLE ACCIDENT,1,0,,,
2008,SOUTH WEST DELHI,S/C&M/C,PEDESTRIAN,SIMPLE ACCIDENT,1,0,,,
2008,CENTRAL DELHI,TANKER,S/C & M/C,FATAL ACCIDENT,0,1,,,
2008,SOUTH WEST DELHI,DELIVRY,CAR,SIMPLE ACCIDENT,1,0,,,
2008,SHAHDARA,S/C&M/C,S/C & M/C,SIMPLE ACCIDENT,1,0,,,
2008,SOUTH EAST DELHI,UNKNOWN,PEDESTRIAN,SIMPLE ACCIDENT,1,0,,,
2008,EAST DELHI,S/C&M/C,PEDESTRIAN,SIMPLE ACCIDENT,1,0,,,
2008,CENTRAL DELHI,BLUE LN,PEDESTRIAN,SIMPLE ACCIDENT,1,0,,,
2008,NORTH DELHI(ROHINI),TSR,S/C & M/C,FATAL ACCIDENT,2,1,,,
2008,CENTRAL DELHI,PVT CAR,PEDESTRIAN,SIMPLE ACCIDENT,1,0,,,
2008,SOUTH EAST DELHI,PVT CAR,CYCLE,SIMPLE ACCIDENT,1,0,,,
2008,NORTH DELHI(ROHINI),PVT CAR,PEDESTRIAN,SIMPLE ACCIDENT,1,0,,,
2008,WEST DELHI,UNKNOWN,S/C & M/C,SIMPLE ACCIDENT,1,0,,,
2008,NORTH WEST DELHI,PVT CAR,PEDESTRIAN,SIMPLE ACCIDENT,1,0,,,
2008,NORTH WEST DELHI,PVT CAR,CAR,SIMPLE ACCIDENT,1,0,,,
2008,NORTH DELHI(ROHINI),HTV/GDS,CYCLE,FATAL ACCIDENT,0,1,,,
2008,WEST DELHI,PVT CAR,PEDESTRIAN,SIMPLE ACCIDENT,1,0,,,
2008,WEST DELHI,PVT CAR,CYCLE RICKSHAW,SIMPLE ACCIDENT,1,0,,,
2008,WEST DELHI,PVT CAR,S/C & M/C,SIMPLE ACCIDENT,2,0,,,
2008,NEW DELHI,PVT CAR,S/C & M/C,SIMPLE ACCIDENT,2,0,,,
2008,NORTH EAST DELHI,UNKNOWN,PEDESTRIAN,FATAL ACCIDENT,0,1,,,
2008,CENTRAL DELHI,UNKNOWN,S/C & M/C,SIMPLE ACCIDENT,1,0,,,
2008,NEW DELHI,HTV/GDS,CAR,NON INJURY,0,0,,,
2008,SOUTH EAST DELHI,PVT CAR,S/C & M/C,NON INJURY,0,0,,,
2008,SOUTH EAST DELHI,HTV/GDS,CAR,SIMPLE ACCIDENT,2,0,,,
2008,SOUTH EAST DELHI,UNKNOWN,PEDESTRIAN,SIMPLE ACCIDENT,1,0,,,
2008,WEST DELHI,BLUE LN,PEDESTRIAN,FATAL ACCIDENT,0,1,,,
2008,SOUTH EAST DELHI,S/C&M/C,S/C & M/C,SIMPLE ACCIDENT,1,0,,,
2008,SOUTH EAST DELHI,PVT CAR,CAR,NON INJURY,0,0,,,
2008,SOUTH WEST DELHI,S/C&M/C,S/C & M/C,SIMPLE ACCIDENT,1,0,,,
2008,WEST DELHI,S/C&M/C,PEDESTRIAN,SIMPLE ACCIDENT,1,0,,,
2008,EAST DELHI,PVT CAR,TSR,SIMPLE ACCIDENT,1,0,,,
2008,CENTRAL DELHI,UNKNOWN,CAR,FATAL ACCIDENT,0,1,,,
2008,EAST DELHI,UNKNOWN,PEDESTRIAN,SIMPLE ACCIDENT,1,0,,,
2008,NORTH WEST DELHI,S/C&M/C,PEDESTRIAN,SIMPLE ACCIDENT,1,0,,,
2008,CENTRAL DELHI,BLUE LN,PASSANGER,SIMPLE ACCIDENT,1,0,,,
2008,NORTH EAST DELHI,TAXI,S/C & M/C,SIMPLE ACCIDENT,1,0,,,
2008,NEW DELHI,PVT CAR,CAR,SIMPLE ACCIDENT,1,0,,,
2008,SOUTH EAST DELHI,S/C&M/C,PEDESTRIAN,SIMPLE ACCIDENT,1,0,,,
2008,NORTH WEST DELHI,TEMPO,PEDESTRIAN,FATAL ACCIDENT,0,1,,,
2008,NORTH EAST DELHI,PVT CAR,S/C & M/C,SIMPLE ACCIDENT,1,0,,,
2008,SOUTH EAST DELHI,PVT CAR,CAR,NON INJURY,1,0,,,
2008,SOUTH WEST DELHI,PVT CAR,CAR,SIMPLE ACCIDENT,3,0,,,
2008,SOUTH WEST DELHI,PVT CAR,PEDESTRIAN,SIMPLE ACCIDENT,1,0,,,
2008,SOUTH EAST DELHI,CAL CAB,CAR,NON INJURY,0,0,,,
2008,SOUTH DELHI,UNKNOWN,PEDESTRIAN,FATAL ACCIDENT,0,1,,,
2008,NEW DELHI,UNKNOWN,S/C & M/C,FATAL ACCIDENT,0,1,,,
2008,SOUTH WEST DELHI,DTC BUS,PEDESTRIAN,FATAL ACCIDENT,0,1,,,
2008,NORTH WEST DELHI,TEMPO,S/C & M/C,SIMPLE ACCIDENT,1,0,,,
2008,SOUTH EAST DELHI,HTV/GDS,CAR,NON INJURY,0,0,,,
2008,WEST DELHI,UNKNOWN,S/C & M/C,SIMPLE ACCIDENT,1,0,,,
2008,NEW DELHI,DTC BUS,CAR,SIMPLE ACCIDENT,1,0,,,
2008,NORTH DELHI(ROHINI),UNKNOWN,S/C & M/C,SIMPLE ACCIDENT,1,0,,,
2008,NORTH DELHI(ROHINI),S/C&M/C,SELF,FATAL ACCIDENT,0,1,,,
2008,SOUTH EAST DELHI,UNKNOWN,CAR,NON INJURY,0,0,,,
2008,SOUTH DELHI,S/C&M/C,PEDESTRIAN,SIMPLE ACCIDENT,1,0,,,
2008,SOUTH EAST DELHI,UNKNOWN,PEDESTRIAN,SIMPLE ACCIDENT,1,0,,,
2008,NEW DELHI,PVT CAR,S/C & M/C,SIMPLE ACCIDENT,1,0,,,
2008,SOUTH EAST DELHI,TRL/CON,PEDESTRIAN,SIMPLE ACCIDENT,1,0,,,
2008,SOUTH DELHI,UNKNOWN,S/C & M/C,FATAL ACCIDENT,0,1,,,
2008,SOUTH DELHI,UNKNOWN,PEDESTRIAN,SIMPLE ACCIDENT,1,0,,,
2008,SOUTH DELHI,UNKNOWN,PEDESTRIAN,SIMPLE ACCIDENT,1,0,,,
2008,NORTH WEST DELHI,S/C&M/C,S/C & M/C,SIMPLE ACCIDENT,1,0,,,
2008,NEW DELHI,TSR,PEDESTRIAN,SIMPLE ACCIDENT,1,0,,,
2008,NORTH WEST DELHI,TEMPO,CYCLE,FATAL ACCIDENT,0,1,,,
2008,NORTH WEST DELHI,PVT CAR,S/C & M/C,SIMPLE ACCIDENT,1,0,,,
2008,SHAHDARA,BLUE LN,PEDESTRIAN,FATAL ACCIDENT,0,1,,,
2008,NORTH WEST DELHI,UNKNOWN,PEDESTRIAN,SIMPLE ACCIDENT,1,0,,,
2008,NORTH WEST DELHI,DELIVRY,PEDESTRIAN,SIMPLE ACCIDENT,1,0,,,
2008,SOUTH EAST DELHI,S/C&M/C,CYCLE,SIMPLE ACCIDENT,1,0,,,
2008,NORTH DELHI(ROHINI),UNKNOWN,S/C & M/C,SIMPLE ACCIDENT,1,0,,,
2008,SOUTH EAST DELHI,UNKNOWN,S/C & M/C,FATAL ACCIDENT,0,1,,,
2008,NORTH EAST DELHI,BLUE LN,PEDESTRIAN,FATAL ACCIDENT,0,1,,,
2008,NEW DELHI,PVT CAR,S/C & M/C,SIMPLE ACCIDENT,1,0,,,
2008,SOUTH EAST DELHI,HTV/GDS,TCN,SIMPLE ACCIDENT,1,0,,,
2008,CENTRAL DELHI,MIN.BUS,CAR,SIMPLE ACCIDENT,1,0,,,
2008,SOUTH EAST DELHI,UNKNOWN,PEDESTRIAN,FATAL ACCIDENT,0,1,,,
2008,NORTH DELHI(ROHINI),UNKNOWN,PEDESTRIAN,SIMPLE ACCIDENT,1,0,,,
2008,SOUTH EAST DELHI,MIN.BUS,S/C & M/C,SIMPLE ACCIDENT,2,0,,,
2008,CENTRAL DELHI,UNKNOWN,PEDESTRIAN,SIMPLE ACCIDENT,1,0,,,
2008,SOUTH WEST DELHI,UNKNOWN,S/C & M/C,FATAL ACCIDENT,0,1,,,
2008,SOUTH EAST DELHI,PVT CAR,SELF,NON INJURY,0,0,,,
2008,WEST DELHI,TAXI,PEDESTRIAN,FATAL ACCIDENT,0,1,,,
2008,WEST DELHI,UNKNOWN,CYCLE,FATAL ACCIDENT,0,1,,,
2008,EAST DELHI,TEMPO,PEDESTRIAN,SIMPLE ACCIDENT,1,0,,,
2008,SOUTH EAST DELHI,PVT CAR,PEDESTRIAN,SIMPLE ACCIDENT,1,0,,,
2008,SOUTH EAST DELHI,BUS OTR,PASSANGER,SIMPLE ACCIDENT,1,0,,,
2008,NORTH DELHI(ROHINI),UNKNOWN,PEDESTRIAN,SIMPLE ACCIDENT,1,0,,,
2008,SOUTH DELHI,S/C&M/C,SELF,FATAL ACCIDENT,0,1,,,
2008,EAST DELHI,PVT CAR,CYCLE,SIMPLE ACCIDENT,1,0,,,
2008,NORTH WEST DELHI,S/C&M/C,PEDESTRIAN,SIMPLE ACCIDENT,1,0,,,
2008,WEST DELHI,UNKNOWN,PEDESTRIAN,FATAL ACCIDENT,0,1,,,
2008,CENTRAL DELHI,S/C&M/C,CYCLE,SIMPLE ACCIDENT,1,0,,,
2008,SOUTH WEST DELHI,HTV/GDS,PEDESTRIAN,FATAL ACCIDENT,0,1,,,
2008,NORTH EAST DELHI,HTV/GDS,S/C & M/C,NON INJURY,0,0,,,
2008,SOUTH EAST DELHI,TRL/CON,DELIVERY VAN,SIMPLE ACCIDENT,1,0,,,
2008,EAST DELHI,TSR,S/C & M/C,SIMPLE ACCIDENT,1,0,,,
2008,EAST DELHI,MIN.BUS,CAR,NON INJURY,0,0,,,
2008,CENTRAL DELHI,HTV/GDS,S/C & M/C,FATAL ACCIDENT,0,1,,,
2008,SOUTH EAST DELHI,PVT CAR,S/C & M/C,SIMPLE ACCIDENT,2,0,,,
2008,SOUTH WEST DELHI,UNKNOWN,S/C & M/C,SIMPLE ACCIDENT,1,0,,,
2008,SOUTH WEST DELHI,PVT CAR,S/C & M/C,SIMPLE ACCIDENT,1,0,,,
2008,NEW DELHI,PVT CAR,PEDESTRIAN,FATAL ACCIDENT,0,1,,,
2008,NORTH DELHI(ROHINI),PVT CAR,TSR,SIMPLE ACCIDENT,1,0,,,
2008,NORTH WEST DELHI,S/C&M/C,CYCLE RICKSHAW,SIMPLE ACCIDENT,1,0,,,
2008,CENTRAL DELHI,HTV/GDS,S/C & M/C,FATAL ACCIDENT,0,1,,,
2008,SOUTH EAST DELHI,TEMPO,S/C & M/C,SIMPLE ACCIDENT,1,0,,,
2008,NEW DELHI,UNKNOWN,S/C & M/C,SIMPLE ACCIDENT,1,0,,,
2008,NORTH WEST DELHI,TSR,PEDESTRIAN,SIMPLE ACCIDENT,1,0,,,
2008,NORTH WEST DELHI,PVT CAR,S/C & M/C,SIMPLE ACCIDENT,1,0,,,
2008,SOUTH WEST DELHI,UNKNOWN,PEDESTRIAN,SIMPLE ACCIDENT,1,0,,,
2008,NORTH DELHI(ROHINI),TSR,PEDESTRIAN,SIMPLE ACCIDENT,1,0,,,
2008,CENTRAL DELHI,HTV/GDS,S/C & M/C,NON INJURY,0,0,,,
2008,SOUTH EAST DELHI,POL.VEH,S/C & M/C,NON INJURY,0,0,,,
2008,EAST DELHI,TSR,PEDESTRIAN,SIMPLE ACCIDENT,1,0,,,
2008,SOUTH EAST DELHI,HTV/GDS,CAR,SIMPLE ACCIDENT,5,0,,,
2008,SHAHDARA,S/C&M/C,PEDESTRIAN,SIMPLE ACCIDENT,1,0,,,
2008,NORTH DELHI(ROHINI),PVT CAR,CAR,SIMPLE ACCIDENT,1,0,,,
2008,WEST DELHI,UNKNOWN,S/C & M/C,FATAL ACCIDENT,0,1,,,
2008,CENTRAL DELHI,PVT CAR,S/C & M/C,SIMPLE ACCIDENT,1,0,,,
2008,WEST DELHI,PVT CAR,PEDESTRIAN,SIMPLE ACCIDENT,1,0,,,
2008,CENTRAL DELHI,TEMPO,PEDESTRIAN,SIMPLE ACCIDENT,2,0,,,
2008,WEST DELHI,TRACTOR,PEDESTRIAN,SIMPLE ACCIDENT,1,0,,,
2008,SOUTH EAST DELHI,PVT CAR,PEDESTRIAN,SIMPLE ACCIDENT,2,0,,,
2008,NEW DELHI,PVT CAR,PEDESTRIAN,SIMPLE ACCIDENT,1,0,,,
2008,SOUTH EAST DELHI,PVT CAR,S/C & M/C,SIMPLE ACCIDENT,1,0,,,
2008,SOUTH DELHI,BLUE LN,PEDESTRIAN,FATAL ACCIDENT,0,1,,,
2008,CENTRAL DELHI,BLUE LN,CYCLE,SIMPLE ACCIDENT,1,0,,,
2008,WEST DELHI,TRACTOR,PEDESTRIAN,SIMPLE ACCIDENT,1,0,,,
2008,EAST DELHI,S/C&M/C,PEDESTRIAN,SIMPLE ACCIDENT,1,0,,,
2008,NORTH EAST DELHI,UNKNOWN,PEDESTRIAN,FATAL ACCIDENT,0,1,,,
2008,NORTH WEST DELHI,UNKNOWN,PEDESTRIAN,FATAL ACCIDENT,1,1,,,
2008,NEW DELHI,TEMPO,TMP,SIMPLE ACCIDENT,3,0,,,
2008,NORTH WEST DELHI,PVT CAR,CAR,FATAL ACCIDENT,1,1,,,
2008,SOUTH EAST DELHI,S/C&M/C,PEDESTRIAN,SIMPLE ACCIDENT,1,0,,,
2008,SHAHDARA,TSR,PEDESTRIAN,FATAL ACCIDENT,0,1,,,
2008,NEW DELHI,UNKNOWN,PEDESTRIAN,SIMPLE ACCIDENT,1,0,,,
2008,NORTH EAST DELHI,TSR,S/C & M/C,SIMPLE ACCIDENT,1,0,,,
2008,SOUTH WEST DELHI,S/C&M/C,S/C & M/C,SIMPLE ACCIDENT,2,0,,,
2008,WEST DELHI,UNKNOWN,S/C & M/C,FATAL ACCIDENT,0,1,,,
2008,WEST DELHI,S/C&M/C,PEDESTRIAN,SIMPLE ACCIDENT,1,0,,,
2008,SOUTH EAST DELHI,TEMPO,S/C & M/C,FATAL ACCIDENT,0,1,,,
2008,NORTH DELHI(ROHINI),HTV/GDS,S/C & M/C,SIMPLE ACCIDENT,1,0,,,
2008,SOUTH EAST DELHI,TEMPO,SELF,NON INJURY,0,0,,,
2008,SOUTH DELHI,HTV/GDS,CAR,SIMPLE ACCIDENT,2,0,,,
2008,EAST DELHI,UNKNOWN,PEDESTRIAN,SIMPLE ACCIDENT,1,0,,,
2008,NORTH WEST DELHI,UNKNOWN,S/C & M/C,FATAL ACCIDENT,0,1,,,
2008,NORTH DELHI(ROHINI),UNKNOWN,PEDESTRIAN,SIMPLE ACCIDENT,1,0,,,
2008,SHAHDARA,TSR,PASSANGER,SIMPLE ACCIDENT,1,0,,,
2008,WEST DELHI,UNKNOWN,PEDESTRIAN,SIMPLE ACCIDENT,1,0,,,
2008,EAST DELHI,PVT CAR,CYCLE RICKSHAW,SIMPLE ACCIDENT,3,0,,,
2008,SOUTH EAST DELHI,TEMPO,PEDESTRIAN,SIMPLE ACCIDENT,1,0,,,
2008,NORTH DELHI(ROHINI),PVT CAR,CAR,SIMPLE ACCIDENT,6,0,,,
2008,WEST DELHI,MIN.BUS,PEDESTRIAN,SIMPLE ACCIDENT,1,0,,,
2008,SOUTH EAST DELHI,UNKNOWN,PEDESTRIAN,SIMPLE ACCIDENT,1,0,,,
2008,NORTH WEST DELHI,UNKNOWN,PEDESTRIAN,SIMPLE ACCIDENT,1,0,,,
2008,NORTH WEST DELHI,HTV/GDS,TMP,FATAL ACCIDENT,0,1,,,
2008,WEST DELHI,UNKNOWN,PEDESTRIAN,FATAL ACCIDENT,0,1,,,
2008,SOUTH WEST DELHI,PVT CAR,PEDESTRIAN,SIMPLE ACCIDENT,1,0,,,
2008,NORTH EAST DELHI,TEMPO,S/C & M/C,FATAL ACCIDENT,0,1,,,
2008,CENTRAL DELHI,PVT CAR,PEDESTRIAN,SIMPLE ACCIDENT,1,0,,,
2008,SOUTH EAST DELHI,TSR,PEDESTRIAN,FATAL ACCIDENT,0,1,,,
2008,NORTH EAST DELHI,TEMPO,CYCLE,SIMPLE ACCIDENT,1,0,,,
2008,WEST DELHI,S/C&M/C,S/C & M/C,SIMPLE ACCIDENT,1,0,,,
2008,WEST DELHI,PVT CAR,PEDESTRIAN,FATAL ACCIDENT,0,1,,,
2008,WEST DELHI,S/C&M/C,PEDESTRIAN,SIMPLE ACCIDENT,1,0,,,
2008,EAST DELHI,PVT CAR,SELF,FATAL ACCIDENT,0,4,,,
2008,NORTH WEST DELHI,UNKNOWN,PEDESTRIAN,FATAL ACCIDENT,0,1,,,
2008,WEST DELHI,UNKNOWN,S/C & M/C,FATAL ACCIDENT,0,1,,,
2008,NORTH DELHI(ROHINI),PVT CAR,S/C & M/C,SIMPLE ACCIDENT,1,0,,,
2008,NORTH DELHI(ROHINI),UNKNOWN,S/C & M/C,SIMPLE ACCIDENT,1,0,,,
2008,NEW DELHI,S/C&M/C,SELF,FATAL ACCIDENT,0,1,,,
2008,SHAHDARA,PVT CAR,S/C & M/C,SIMPLE ACCIDENT,1,0,,,
2008,NORTH DELHI(ROHINI),S/C&M/C,PEDESTRIAN,SIMPLE ACCIDENT,1,0,,,
2008,NEW DELHI,UNKNOWN,CYCLE,FATAL ACCIDENT,0,1,,,
2008,SOUTH EAST DELHI,PVT CAR,TSR,SIMPLE ACCIDENT,2,0,,,
2008,NORTH WEST DELHI,UNKNOWN,S/C & M/C,SIMPLE ACCIDENT,1,0,,,
2008,EAST DELHI,MIN.BUS,PEDESTRIAN,SIMPLE ACCIDENT,1,0,,,
2008,SHAHDARA,PVT CAR,S/C & M/C,SIMPLE ACCIDENT,1,0,,,
2008,SOUTH DELHI,TAXI,PEDESTRIAN,SIMPLE ACCIDENT,1,0,,,
2008,SOUTH EAST DELHI,PVT CAR,S/C & M/C,SIMPLE ACCIDENT,1,0,,,
2008,SOUTH EAST DELHI,HTV/GDS,S/C & M/C,FATAL ACCIDENT,0,1,,,
2008,NORTH DELHI(ROHINI),TSR,PASSANGER,SIMPLE ACCIDENT,3,0,,,
2008,CENTRAL DELHI,PVT CAR,PEDESTRIAN,SIMPLE ACCIDENT,1,0,,,
2008,SHAHDARA,S/C&M/C,PEDESTRIAN,SIMPLE ACCIDENT,1,0,,,
2008,NORTH WEST DELHI,S/C&M/C,S/C & M/C,SIMPLE ACCIDENT,2,0,,,
2008,NEW DELHI,PVT CAR,PASSANGER,FATAL ACCIDENT,0,1,,,
2008,NEW DELHI,PVT CAR,PEDESTRIAN,SIMPLE ACCIDENT,1,0,,,
2008,NORTH DELHI(ROHINI),BLUE LN,S/C & M/C,SIMPLE ACCIDENT,2,0,,,
2008,SOUTH WEST DELHI,PVT CAR,CAR,SIMPLE ACCIDENT,1,0,,,
2008,SOUTH WEST DELHI,CAL CAB,PEDESTRIAN,SIMPLE ACCIDENT,1,0,,,
2008,SOUTH EAST DELHI,PVT CAR,CAR,SIMPLE ACCIDENT,1,0,,,
2008,SOUTH EAST DELHI,PVT CAR,PEDESTRIAN,SIMPLE ACCIDENT,1,0,,,
2008,SOUTH WEST DELHI,UNKNOWN,PEDESTRIAN,SIMPLE ACCIDENT,2,0,,,
2008,CENTRAL DELHI,TSR,CYCLE,FATAL ACCIDENT,0,1,,,
2008,NORTH DELHI(ROHINI),S/C&M/C,CYCLE RICKSHAW,SIMPLE ACCIDENT,1,0,,,
2008,WEST DELHI,UNKNOWN,S/C & M/C,SIMPLE ACCIDENT,1,0,,,
2008,NORTH DELHI(ROHINI),PVT CAR,TNG,SIMPLE ACCIDENT,1,0,,,
2008,NORTH DELHI(ROHINI),PVT CAR,CAR,NON INJURY,0,0,,,
2008,NEW DELHI,UNKNOWN,PEDESTRIAN,FATAL ACCIDENT,0,1,,,
2008,SHAHDARA,UNKNOWN,PEDESTRIAN,FATAL ACCIDENT,0,1,,,
2008,WEST DELHI,PVT CAR,PEDESTRIAN,SIMPLE ACCIDENT,1,0,,,
2008,WEST DELHI,UNKNOWN,PEDESTRIAN,FATAL ACCIDENT,0,1,,,
2008,NORTH WEST DELHI,S/C&M/C,PEDESTRIAN,SIMPLE ACCIDENT,1,0,,,
2008,SHAHDARA,PVT CAR,PEDESTRIAN,SIMPLE ACCIDENT,1,0,,,
2008,NORTH WEST DELHI,S/C&M/C,S/C & M/C,SIMPLE ACCIDENT,1,0,,,
2008,SHAHDARA,MIN.BUS,PASSANGER,SIMPLE ACCIDENT,1,0,,,
2008,SHAHDARA,TSR,PEDESTRIAN,SIMPLE ACCIDENT,2,0,,,
2008,NEW DELHI,PVT CAR,S/C & M/C,SIMPLE ACCIDENT,1,0,,,
2008,NEW DELHI,PVT CAR,S/C & M/C,SIMPLE ACCIDENT,1,0,,,
2008,NORTH WEST DELHI,DTC BUS,S/C & M/C,FATAL ACCIDENT,0,1,,,
2008,SOUTH DELHI,UNKNOWN,S/C & M/C,SIMPLE ACCIDENT,1,0,,,
2008,SOUTH EAST DELHI,BUS OTR,PEDESTRIAN,SIMPLE ACCIDENT,1,0,,,
2008,NORTH DELHI(ROHINI),UNKNOWN,S/C & M/C,SIMPLE ACCIDENT,1,0,,,
2008,SOUTH EAST DELHI,UNKNOWN,PEDESTRIAN,SIMPLE ACCIDENT,1,0,,,
2008,WEST DELHI,PVT CAR,S/C & M/C,SIMPLE ACCIDENT,1,0,,,
2008,SOUTH DELHI,BUS OTR,PEDESTRIAN,SIMPLE ACCIDENT,1,0,,,
2008,NEW DELHI,DTC BUS,PASSANGER,FATAL ACCIDENT,0,1,,,
2008,EAST DELHI,HTV/GDS,CAR,FATAL ACCIDENT,0,1,,,
2008,SOUTH EAST DELHI,HTV/GDS,S/C & M/C,SIMPLE ACCIDENT,2,0,,,
2008,NORTH DELHI(ROHINI),S/C&M/C,S/C & M/C,SIMPLE ACCIDENT,2,0,,,
2008,SOUTH WEST DELHI,PVT CAR,S/C & M/C,SIMPLE ACCIDENT,1,0,,,
2008,SOUTH WEST DELHI,UNKNOWN,S/C & M/C,SIMPLE ACCIDENT,1,0,,,
2008,CENTRAL DELHI,PVT CAR,S/C & M/C,NON INJURY,0,0,,,
2008,SOUTH WEST DELHI,PVT CAR,CAR,SIMPLE ACCIDENT,4,0,,,
2008,WEST DELHI,HTV/GDS,PEDESTRIAN,SIMPLE ACCIDENT,1,0,,,
2008,NORTH DELHI(ROHINI),UNKNOWN,S/C & M/C,SIMPLE ACCIDENT,1,0,,,
2008,CENTRAL DELHI,TSR,CYCLE,SIMPLE ACCIDENT,1,0,,,
2008,WEST DELHI,UNKNOWN,S/C & M/C,FATAL ACCIDENT,0,1,,,
2008,NORTH WEST DELHI,PVT CAR,S/C & M/C,FATAL ACCIDENT,0,1,,,
2008,SOUTH DELHI,PVT CAR,S/C & M/C,SIMPLE ACCIDENT,1,0,,,
2008,NEW DELHI,TSR,PEDESTRIAN,SIMPLE ACCIDENT,1,0,,,
2008,NEW DELHI,PVT CAR,CAR,NON INJURY,0,0,,,
2008,NORTH WEST DELHI,PVT CAR,S/C & M/C,SIMPLE ACCIDENT,2,0,,,
2008,NORTH DELHI(ROHINI),HTV/GDS,CYCLE,SIMPLE ACCIDENT,1,0,,,
2008,SOUTH WEST DELHI,UNKNOWN,PEDESTRIAN,SIMPLE ACCIDENT,1,0,,,
2008,SOUTH WEST DELHI,PVT CAR,S/C & M/C,SIMPLE ACCIDENT,2,0,,,
2008,SOUTH EAST DELHI,TSR,PEDESTRIAN,SIMPLE ACCIDENT,1,0,,,
2008,SOUTH WEST DELHI,PVT CAR,S/C & M/C,SIMPLE ACCIDENT,1,0,,,
2008,NORTH WEST DELHI,HTV/GDS,TMP,SIMPLE ACCIDENT,2,0,,,
2008,WEST DELHI,PVT CAR,PEDESTRIAN,SIMPLE ACCIDENT,1,0,,,
2008,WEST DELHI,S/C&M/C,PEDESTRIAN,SIMPLE ACCIDENT,1,0,,,
2008,CENTRAL DELHI,PVT CAR,PEDESTRIAN,SIMPLE ACCIDENT,2,0,,,
2008,NORTH DELHI(ROHINI),S/C&M/C,PEDESTRIAN,SIMPLE ACCIDENT,1,0,,,
2008,NORTH EAST DELHI,TAXI,PEDESTRIAN,FATAL ACCIDENT,0,1,,,
2008,NEW DELHI,UNKNOWN,CYCLE,SIMPLE ACCIDENT,1,0,,,
2008,SOUTH EAST DELHI,HTV/GDS,CAR,SIMPLE ACCIDENT,1,0,,,
2008,SOUTH WEST DELHI,S/C&M/C,PEDESTRIAN,SIMPLE ACCIDENT,1,0,,,
2008,NORTH WEST DELHI,HTV/GDS,PEDESTRIAN,SIMPLE ACCIDENT,1,0,,,
2008,NORTH WEST DELHI,TEMPO,PEDESTRIAN,SIMPLE ACCIDENT,1,0,,,
2008,NEW DELHI,UNKNOWN,PEDESTRIAN,SIMPLE ACCIDENT,1,0,,,
2008,NORTH DELHI(ROHINI),UNKNOWN,PEDESTRIAN,FATAL ACCIDENT,0,1,,,
2008,NEW DELHI,PVT CAR,PEDESTRIAN,SIMPLE ACCIDENT,1,0,,,
2008,SOUTH WEST DELHI,UNKNOWN,PEDESTRIAN,SIMPLE ACCIDENT,1,0,,,
2008,NORTH DELHI(ROHINI),TEMPO,S/C & M/C,SIMPLE ACCIDENT,1,0,,,
2008,SOUTH EAST DELHI,PVT CAR,CAR,SIMPLE ACCIDENT,1,0,,,
2008,EAST DELHI,PVT CAR,PEDESTRIAN,SIMPLE ACCIDENT,1,0,,,
2008,NORTH DELHI(ROHINI),TAXI,PEDESTRIAN,SIMPLE ACCIDENT,1,0,,,
2008,CENTRAL DELHI,TEMPO,CAR,SIMPLE ACCIDENT,1,0,,,
2008,NEW DELHI,PVT CAR,S/C & M/C,SIMPLE ACCIDENT,1,0,,,
2008,CENTRAL DELHI,PVT CAR,PEDESTRIAN,SIMPLE ACCIDENT,1,0,,,
2008,WEST DELHI,S/C&M/C,CYCLE,SIMPLE ACCIDENT,1,0,,,
2008,WEST DELHI,PVT CAR,PEDESTRIAN,SIMPLE ACCIDENT,1,0,,,
2008,WEST DELHI,PVT CAR,S/C & M/C,SIMPLE ACCIDENT,1,0,,,
2008,NEW DELHI,TEMPO,CAR,SIMPLE ACCIDENT,1,0,,,
2008,SOUTH EAST DELHI,TRL/CON,CAR,SIMPLE ACCIDENT,1,0,,,
2008,WEST DELHI,UNKNOWN,S/C & M/C,SIMPLE ACCIDENT,1,0,,,
2008,NEW DELHI,PVT CAR,S/C & M/C,SIMPLE ACCIDENT,1,0,,,
2008,NORTH DELHI(ROHINI),S/C&M/C,PEDESTRIAN,SIMPLE ACCIDENT,1,0,,,
2008,NORTH WEST DELHI,PVT CAR,PEDESTRIAN,SIMPLE ACCIDENT,1,0,,,
2008,SOUTH WEST DELHI,UNKNOWN,PEDESTRIAN,SIMPLE ACCIDENT,1,0,,,
2008,EAST DELHI,S/C&M/C,PEDESTRIAN,SIMPLE ACCIDENT,1,0,,,
2008,NEW DELHI,UNKNOWN,PEDESTRIAN,SIMPLE ACCIDENT,1,0,,,
2008,NEW DELHI,PVT CAR,S/C & M/C,SIMPLE ACCIDENT,1,0,,,
2008,CENTRAL DELHI,UNKNOWN,PEDESTRIAN,FATAL ACCIDENT,0,1,,,
2008,NORTH WEST DELHI,TSR,CYCLE,SIMPLE ACCIDENT,2,0,,,
2008,NEW DELHI,UNKNOWN,PEDESTRIAN,FATAL ACCIDENT,0,1,,,
2008,EAST DELHI,S/C&M/C,PEDESTRIAN,FATAL ACCIDENT,0,1,,,
2008,SOUTH WEST DELHI,PVT CAR,PEDESTRIAN,SIMPLE ACCIDENT,1,0,,,
2008,EAST DELHI,TEMPO,S/C & M/C,SIMPLE ACCIDENT,1,0,,,
2008,SOUTH WEST DELHI,PVT CAR,CYCLE,SIMPLE ACCIDENT,1,0,,,
2008,NORTH EAST DELHI,UNKNOWN,S/C & M/C,SIMPLE ACCIDENT,1,0,,,
2008,SOUTH EAST DELHI,UNKNOWN,PEDESTRIAN,FATAL ACCIDENT,0,1,,,
2008,CENTRAL DELHI,UNKNOWN,PEDESTRIAN,SIMPLE ACCIDENT,1,0,,,
2008,NORTH WEST DELHI,BLUE LN,PEDESTRIAN,SIMPLE ACCIDENT,1,0,,,
2008,EAST DELHI,UNKNOWN,DELIVERY VAN,FATAL ACCIDENT,0,1,,,
2008,NEW DELHI,BLUE LN,S/C & M/C,SIMPLE ACCIDENT,1,0,,,
2008,CENTRAL DELHI,TEMPO,S/C & M/C,FATAL ACCIDENT,0,1,,,
2008,NORTH DELHI(ROHINI),UNKNOWN,S/C & M/C,SIMPLE ACCIDENT,1,0,,,
2008,CENTRAL DELHI,S/C&M/C,PEDESTRIAN,SIMPLE ACCIDENT,1,0,,,
2008,NORTH EAST DELHI,PVT CAR,S/C & M/C,SIMPLE ACCIDENT,1,0,,,
2008,NEW DELHI,UNKNOWN,PEDESTRIAN,FATAL ACCIDENT,0,1,,,
2008,SHAHDARA,HTV/GDS,TSR,FATAL ACCIDENT,0,1,,,
2008,SHAHDARA,S/C&M/C,S/C & M/C,SIMPLE ACCIDENT,1,0,,,
2008,SHAHDARA,S/C&M/C,S/C & M/C,SIMPLE ACCIDENT,1,0,,,
2008,CENTRAL DELHI,UNKNOWN,PEDESTRIAN,SIMPLE ACCIDENT,1,0,,,
2008,NORTH DELHI(ROHINI),TRL/CON,TMP,SIMPLE ACCIDENT,1,0,,,
2008,SOUTH EAST DELHI,PVT CAR,SELF,SIMPLE ACCIDENT,1,0,,,
2008,NORTH DELHI(ROHINI),HTV/GDS,S/C & M/C,SIMPLE ACCIDENT,1,0,,,
2008,SOUTH EAST DELHI,PVT CAR,PEDESTRIAN,SIMPLE ACCIDENT,1,0,,,
2008,SOUTH WEST DELHI,PVT CAR,S/C & M/C,SIMPLE ACCIDENT,2,0,,,
2008,NORTH WEST DELHI,S/C&M/C,PEDESTRIAN,SIMPLE ACCIDENT,1,0,,,
2008,NEW DELHI,UNKNOWN,PEDESTRIAN,FATAL ACCIDENT,0,1,,,
2008,WEST DELHI,UNKNOWN,PEDESTRIAN,FATAL ACCIDENT,0,1,,,
2008,SOUTH EAST DELHI,UNKNOWN,PEDESTRIAN,SIMPLE ACCIDENT,1,0,,,
2008,SOUTH EAST DELHI,S/C&M/C,TNG,SIMPLE ACCIDENT,1,0,,,
2008,SOUTH WEST DELHI,UNKNOWN,S/C & M/C,FATAL ACCIDENT,0,1,,,
2008,NORTH DELHI(ROHINI),PVT CAR,S/C & M/C,FATAL ACCIDENT,1,1,,,
2008,CENTRAL DELHI,DELIVRY,S/C & M/C,SIMPLE ACCIDENT,1,0,,,
2008,NORTH DELHI(ROHINI),UNKNOWN,PEDESTRIAN,FATAL ACCIDENT,0,1,,,
2008,NORTH DELHI(ROHINI),UNKNOWN,PEDESTRIAN,SIMPLE ACCIDENT,1,0,,,
2008,NEW DELHI,UNKNOWN,PEDESTRIAN,FATAL ACCIDENT,0,1,,,
2008,NEW DELHI,DTC BUS,S/C & M/C,FATAL ACCIDENT,0,1,,,
2008,CENTRAL DELHI,PVT CAR,PEDESTRIAN,SIMPLE ACCIDENT,1,0,,,
2008,EAST DELHI,DELIVRY,CAR,NON INJURY,0,0,,,
2008,SOUTH DELHI,HTV/GDS,CAR,NON INJURY,0,0,,,
2008,NORTH WEST DELHI,BUS OTR,S/C & M/C,FATAL ACCIDENT,1,1,,,
2008,SOUTH DELHI,PVT CAR,DTC,NON INJURY,0,0,,,
2008,NORTH WEST DELHI,TRACTOR,PEDESTRIAN,SIMPLE ACCIDENT,1,0,,,
2008,NORTH EAST DELHI,UNKNOWN,S/C & M/C,FATAL ACCIDENT,0,1,,,
2008,NORTH EAST DELHI,UNKNOWN,PEDESTRIAN,FATAL ACCIDENT,0,1,,,
2008,NEW DELHI,TSR,PASSANGER,SIMPLE ACCIDENT,1,0,,,
2008,NORTH EAST DELHI,UNKNOWN,PEDESTRIAN,SIMPLE ACCIDENT,1,0,,,
2008,NORTH WEST DELHI,HTV/GDS,CAR,SIMPLE ACCIDENT,1,0,,,
2008,SOUTH DELHI,BLUE LN,S/C & M/C,SIMPLE ACCIDENT,1,0,,,
2008,NEW DELHI,UNKNOWN,CYCLE RICKSHAW,FATAL ACCIDENT,2,1,,,
2008,CENTRAL DELHI,PVT CAR,CYCLE RICKSHAW,SIMPLE ACCIDENT,2,0,,,
2008,CENTRAL DELHI,UNKNOWN,PEDESTRIAN,FATAL ACCIDENT,0,1,,,
2008,NORTH DELHI(ROHINI),UNKNOWN,PEDESTRIAN,SIMPLE ACCIDENT,1,0,,,
2008,SOUTH EAST DELHI,BLUE LN,PEDESTRIAN,FATAL ACCIDENT,0,1,,,
2008,NEW DELHI,UNKNOWN,S/C & M/C,SIMPLE ACCIDENT,1,0,,,
2008,WEST DELHI,PVT CAR,S/C & M/C,SIMPLE ACCIDENT,2,0,,,
2008,NORTH EAST DELHI,UNKNOWN,PEDESTRIAN,SIMPLE ACCIDENT,1,0,,,
2008,SOUTH WEST DELHI,TRACTOR,PEDESTRIAN,FATAL ACCIDENT,0,2,,,
2008,NORTH DELHI(ROHINI),DTC BUS,S/C & M/C,SIMPLE ACCIDENT,1,0,,,
2008,WEST DELHI,HTV/GDS,CAR,SIMPLE ACCIDENT,2,0,,,
2008,WEST DELHI,UNKNOWN,CYCLE RICKSHAW,SIMPLE ACCIDENT,1,0,,,
2008,WEST DELHI,HTV/GDS,SELF,NON INJURY,0,0,,,
2008,SHAHDARA,PVT CAR,S/C & M/C,SIMPLE ACCIDENT,1,0,,,
2008,WEST DELHI,TEMPO,PEDESTRIAN,SIMPLE ACCIDENT,1,0,,,
2008,WEST DELHI,S/C&M/C,PEDESTRIAN,SIMPLE ACCIDENT,1,0,,,
2008,NORTH DELHI(ROHINI),UNKNOWN,S/C & M/C,FATAL ACCIDENT,0,1,,,
2008,SHAHDARA,TEMPO,S/C & M/C,SIMPLE ACCIDENT,1,0,,,
2008,NEW DELHI,PVT CAR,S/C & M/C,SIMPLE ACCIDENT,1,0,,,
2008,NORTH WEST DELHI,PVT CAR,S/C & M/C,SIMPLE ACCIDENT,1,0,,,
2008,NORTH WEST DELHI,PVT CAR,CAR,SIMPLE ACCIDENT,8,0,,,
2008,SOUTH DELHI,S/C&M/C,S/C & M/C,SIMPLE ACCIDENT,3,0,,,
2008,NORTH WEST DELHI,S/C&M/C,PEDESTRIAN,FATAL ACCIDENT,0,1,,,
2008,NEW DELHI,PVT CAR,CAR,NON INJURY,0,0,,,
2008,SOUTH EAST DELHI,HTV/GDS,POV,NON INJURY,0,0,,,
2008,EAST DELHI,PVT CAR,CYCLE,SIMPLE ACCIDENT,1,0,,,
2008,SOUTH EAST DELHI,PVT CAR,TSR,SIMPLE ACCIDENT,1,0,,,
2008,NEW DELHI,PVT CAR,S/C & M/C,SIMPLE ACCIDENT,1,0,,,
2008,SOUTH WEST DELHI,PVT CAR,PEDESTRIAN,FATAL ACCIDENT,0,1,,,
2008,NORTH EAST DELHI,DTC BUS,S/C & M/C,SIMPLE ACCIDENT,1,0,,,
2008,NORTH WEST DELHI,S/C&M/C,CYCLE RICKSHAW,SIMPLE ACCIDENT,3,0,,,
2008,EAST DELHI,BLUE LN,S/C & M/C,SIMPLE ACCIDENT,1,0,,,
2008,NORTH WEST DELHI,PVT CAR,CAR,SIMPLE ACCIDENT,3,0,,,
2008,CENTRAL DELHI,S/C&M/C,PEDESTRIAN,SIMPLE ACCIDENT,1,0,,,
2008,NORTH EAST DELHI,TSR,PASSANGER,SIMPLE ACCIDENT,1,0,,,
2008,EAST DELHI,S/C&M/C,PEDESTRIAN,SIMPLE ACCIDENT,1,0,,,
2008,NORTH EAST DELHI,TSR,PASSANGER,FATAL ACCIDENT,0,1,,,
2008,SOUTH EAST DELHI,PVT CAR,S/C & M/C,SIMPLE ACCIDENT,1,0,,,
2008,SOUTH WEST DELHI,HTV/GDS,CAR,SIMPLE ACCIDENT,1,0,,,
2008,SOUTH WEST DELHI,TEMPO,S/C & M/C,SIMPLE ACCIDENT,2,0,,,
2008,CENTRAL DELHI,BLUE LN,TSR,SIMPLE ACCIDENT,1,0,,,
2008,CENTRAL DELHI,PVT CAR,S/C & M/C,SIMPLE ACCIDENT,1,0,,,
2008,WEST DELHI,BLUE LN,TMP,SIMPLE ACCIDENT,1,0,,,
2008,NORTH DELHI(ROHINI),HTV/GDS,S/C & M/C,SIMPLE ACCIDENT,2,0,,,
2008,WEST DELHI,PVT CAR,PEDESTRIAN,SIMPLE ACCIDENT,1,0,,,
2008,WEST DELHI,BLUE LN,PEDESTRIAN,FATAL ACCIDENT,0,1,,,
2008,SOUTH DELHI,UNKNOWN,S/C & M/C,SIMPLE ACCIDENT,1,0,,,
2008,WEST DELHI,UNKNOWN,S/C & M/C,SIMPLE ACCIDENT,1,0,,,
2008,SOUTH DELHI,PVT CAR,S/C & M/C,SIMPLE ACCIDENT,2,0,,,
2008,NORTH WEST DELHI,PVT CAR,S/C & M/C,SIMPLE ACCIDENT,1,0,,,
2008,NORTH DELHI(ROHINI),BLUE LN,CYCLE,SIMPLE ACCIDENT,1,0,,,
2008,NEW DELHI,UNKNOWN,PEDESTRIAN,SIMPLE ACCIDENT,1,0,,,
2008,NORTH WEST DELHI,UNKNOWN,PEDESTRIAN,SIMPLE ACCIDENT,1,0,,,
2008,NEW DELHI,HTV/GDS,SELF,NON INJURY,0,0,,,
2008,NORTH WEST DELHI,MIN.BUS,PASSANGER,SIMPLE ACCIDENT,1,0,,,
2008,NORTH WEST DELHI,TEMPO,PEDESTRIAN,SIMPLE ACCIDENT,1,0,,,
2008,SOUTH EAST DELHI,PVT CAR,CAR,SIMPLE ACCIDENT,1,0,,,
2008,NEW DELHI,UNKNOWN,PEDESTRIAN,FATAL ACCIDENT,0,1,,,
2008,SOUTH EAST DELHI,MIN.BUS,PASSANGER,SIMPLE ACCIDENT,1,0,,,
2008,CENTRAL DELHI,BLUE LN,PASSANGER,SIMPLE ACCIDENT,1,0,,,
2008,SOUTH EAST DELHI,S/C&M/C,PEDESTRIAN,SIMPLE ACCIDENT,1,0,,,
2008,NORTH DELHI(ROHINI),PVT CAR,S/C & M/C,SIMPLE ACCIDENT,2,0,,,
2008,SOUTH EAST DELHI,PVT CAR,PEDESTRIAN,SIMPLE ACCIDENT,1,0,,,
2008,NORTH DELHI(ROHINI),PVT CAR,PEDESTRIAN,SIMPLE ACCIDENT,1,0,,,
2008,CENTRAL DELHI,BUS OTR,S/C & M/C,SIMPLE ACCIDENT,2,0,,,
2008,WEST DELHI,TRL/CON,S/C & M/C,SIMPLE ACCIDENT,1,0,,,
2008,NORTH WEST DELHI,BLUE LN,PASSANGER,FATAL ACCIDENT,0,1,,,
2008,SOUTH EAST DELHI,PVT CAR,CYCLE RICKSHAW,SIMPLE ACCIDENT,1,0,,,
2008,CENTRAL DELHI,TEMPO,S/C & M/C,SIMPLE ACCIDENT,1,0,,,
2008,SOUTH DELHI,TRL/CON,PEDESTRIAN,FATAL ACCIDENT,0,1,,,
2008,EAST DELHI,UNKNOWN,PEDESTRIAN,FATAL ACCIDENT,0,1,,,
2008,NORTH WEST DELHI,TANKER,CAR,NON INJURY,0,0,,,
2008,EAST DELHI,PVT CAR,CYCLE,SIMPLE ACCIDENT,1,0,,,
2008,NORTH DELHI(ROHINI),PVT CAR,PEDESTRIAN,SIMPLE ACCIDENT,1,0,,,
2008,NORTH DELHI(ROHINI),HTV/GDS,BLB,SIMPLE ACCIDENT,3,0,,,
2008,SOUTH WEST DELHI,UNKNOWN,PEDESTRIAN,SIMPLE ACCIDENT,1,0,,,
2008,NEW DELHI,PVT CAR,TSR,SIMPLE ACCIDENT,1,0,,,
2008,SOUTH DELHI,HTV/GDS,CAR,NON INJURY,0,0,,,
2008,NORTH DELHI(ROHINI),BLUE LN,PASSANGER,SIMPLE ACCIDENT,1,0,,,
2008,NORTH DELHI(ROHINI),S/C&M/C,CYCLE RICKSHAW,SIMPLE ACCIDENT,2,0,,,
2008,NEW DELHI,UNKNOWN,S/C & M/C,FATAL ACCIDENT,0,1,,,
2008,NORTH EAST DELHI,HTV/GDS,S/C & M/C,FATAL ACCIDENT,0,1,,,
2008,SOUTH EAST DELHI,PVT CAR,S/C & M/C,NON INJURY,0,0,,,
2008,SOUTH EAST DELHI,BLUE LN,PASSANGER,SIMPLE ACCIDENT,1,0,,,
2008,SOUTH EAST DELHI,HTV/GDS,CYCLE,FATAL ACCIDENT,0,1,,,
2008,NORTH DELHI(ROHINI),TRACTOR,CYCLE,SIMPLE ACCIDENT,1,0,,,
2008,NORTH DELHI(ROHINI),UNKNOWN,PEDESTRIAN,FATAL ACCIDENT,0,1,,,
2008,SOUTH DELHI,HTV/GDS,PEDESTRIAN,FATAL ACCIDENT,0,1,,,
2008,NORTH WEST DELHI,HTV/GDS,CAR,FATAL ACCIDENT,2,1,,,
2008,NORTH DELHI(ROHINI),PVT CAR,PEDESTRIAN,SIMPLE ACCIDENT,1,0,,,
2008,WEST DELHI,BUS OTR,S/C & M/C,SIMPLE ACCIDENT,1,0,,,
2008,SOUTH DELHI,PVT CAR,SELF,SIMPLE ACCIDENT,1,0,,,
2008,SOUTH DELHI,UNKNOWN,CAR,SIMPLE ACCIDENT,1,0,,,
2008,CENTRAL DELHI,UNKNOWN,PEDESTRIAN,SIMPLE ACCIDENT,1,0,,,
2008,EAST DELHI,PVT CAR,S/C & M/C,SIMPLE ACCIDENT,1,0,,,
2008,SHAHDARA,TEMPO,MBS,NON INJURY,0,0,,,
2008,SOUTH WEST DELHI,S/C&M/C,PEDESTRIAN,SIMPLE ACCIDENT,1,0,,,
2008,SOUTH EAST DELHI,HTV/GDS,S/C & M/C,SIMPLE ACCIDENT,2,0,,,
2008,CENTRAL DELHI,BUS OTR,PASSANGER,SIMPLE ACCIDENT,1,0,,,
2008,NORTH WEST DELHI,BLUE LN,PASSANGER,SIMPLE ACCIDENT,1,0,,,
2008,NORTH WEST DELHI,UNKNOWN,PEDESTRIAN,SIMPLE ACCIDENT,1,0,,,
2008,SOUTH EAST DELHI,PVT CAR,PEDESTRIAN,SIMPLE ACCIDENT,1,0,,,
2008,SOUTH EAST DELHI,PVT CAR,S/C & M/C,SIMPLE ACCIDENT,1,0,,,
2008,SOUTH WEST DELHI,PVT CAR,CAR,SIMPLE ACCIDENT,1,0,,,
2008,NEW DELHI,PVT CAR,S/C & M/C,SIMPLE ACCIDENT,1,0,,,
2008,NORTH EAST DELHI,S/C&M/C,CYCLE,SIMPLE ACCIDENT,1,0,,,
2008,NEW DELHI,HTV/GDS,PEDESTRIAN,FATAL ACCIDENT,0,1,,,
2008,SOUTH EAST DELHI,PVT CAR,PEDESTRIAN,FATAL ACCIDENT,0,1,,,
2008,NEW DELHI,PVT CAR,PEDESTRIAN,FATAL ACCIDENT,0,1,,,
2008,EAST DELHI,S/C&M/C,PEDESTRIAN,SIMPLE ACCIDENT,1,0,,,
2008,WEST DELHI,MIN.BUS,PEDESTRIAN,SIMPLE ACCIDENT,1,0,,,
2008,WEST DELHI,TEMPO,PEDESTRIAN,SIMPLE ACCIDENT,1,0,,,
2008,SOUTH EAST DELHI,UNKNOWN,S/C & M/C,SIMPLE ACCIDENT,1,0,,,
2008,NEW DELHI,UNKNOWN,PEDESTRIAN,SIMPLE ACCIDENT,1,0,,,
2008,CENTRAL DELHI,S/C&M/C,PEDESTRIAN,SIMPLE ACCIDENT,1,0,,,
2008,WEST DELHI,PVT CAR,S/C & M/C,SIMPLE ACCIDENT,1,0,,,
2008,SOUTH EAST DELHI,S/C&M/C,PEDESTRIAN,SIMPLE ACCIDENT,1,0,,,
2008,SOUTH EAST DELHI,TANKER,CYCLE,FATAL ACCIDENT,0,1,,,
2008,CENTRAL DELHI,HTV/GDS,CYCLE,FATAL ACCIDENT,0,1,,,
2008,NORTH DELHI(ROHINI),PVT CAR,CAR,SIMPLE ACCIDENT,1,0,,,
2008,SHAHDARA,PVT CAR,S/C & M/C,SIMPLE ACCIDENT,1,0,,,
2008,NEW DELHI,S/C&M/C,S/C & M/C,SIMPLE ACCIDENT,2,0,,,
2008,EAST DELHI,UNKNOWN,HTV,NON INJURY,0,0,,,
2008,EAST DELHI,PVT CAR,S/C & M/C,SIMPLE ACCIDENT,1,0,,,
2008,SOUTH WEST DELHI,PVT CAR,PEDESTRIAN,SIMPLE ACCIDENT,1,0,,,
2008,SOUTH WEST DELHI,PVT CAR,CYCLE RICKSHAW,SIMPLE ACCIDENT,1,0,,,
2008,NEW DELHI,PVT CAR,CAR,SIMPLE ACCIDENT,1,0,,,
2008,NORTH DELHI(ROHINI),HTV/GDS,TMP,NON INJURY,0,0,,,
2008,NORTH DELHI(ROHINI),PVT CAR,S/C & M/C,SIMPLE ACCIDENT,1,0,,,
2008,SOUTH EAST DELHI,TSR,S/C & M/C,SIMPLE ACCIDENT,1,0,,,
2008,SOUTH WEST DELHI,PVT CAR,PEDESTRIAN,SIMPLE ACCIDENT,1,0,,,
2008,NORTH EAST DELHI,UNKNOWN,PEDESTRIAN,SIMPLE ACCIDENT,1,0,,,
2008,CENTRAL DELHI,HTV/GDS,CAR,NON INJURY,0,0,,,
2008,NORTH EAST DELHI,HTV/GDS,S/C & M/C,FATAL ACCIDENT,0,1,,,
2008,SOUTH EAST DELHI,PVT CAR,PEDESTRIAN,FATAL ACCIDENT,0,1,,,
2008,NEW DELHI,UNKNOWN,PEDESTRIAN,SIMPLE ACCIDENT,1,0,,,
2008,NEW DELHI,PVT CAR,CAR,SIMPLE ACCIDENT,1,0,,,
2008,NEW DELHI,HTV/GDS,CAR,NON INJURY,0,0,,,
2008,SOUTH EAST DELHI,PVT CAR,CYCLE,SIMPLE ACCIDENT,1,0,,,
2008,NEW DELHI,PVT CAR,TSR,SIMPLE ACCIDENT,1,0,,,
2008,EAST DELHI,PVT CAR,CAR,SIMPLE ACCIDENT,2,0,,,
2008,EAST DELHI,PVT CAR,PEDESTRIAN,SIMPLE ACCIDENT,1,0,,,
2008,SOUTH WEST DELHI,DELIVRY,PEDESTRIAN,SIMPLE ACCIDENT,1,0,,,
2008,SOUTH WEST DELHI,PVT CAR,S/C & M/C,FATAL ACCIDENT,0,1,,,
2008,SOUTH EAST DELHI,PVT CAR,PEDESTRIAN,FATAL ACCIDENT,0,1,,,
2008,SOUTH EAST DELHI,UNKNOWN,PEDESTRIAN,SIMPLE ACCIDENT,1,0,,,
2008,NORTH EAST DELHI,BLUE LN,S/C & M/C,FATAL ACCIDENT,0,1,,,
2008,NORTH EAST DELHI,UNKNOWN,PEDESTRIAN,FATAL ACCIDENT,0,1,,,
2008,NORTH WEST DELHI,PVT CAR,CYCLE,SIMPLE ACCIDENT,1,0,,,
2008,EAST DELHI,PVT CAR,S/C & M/C,SIMPLE ACCIDENT,1,0,,,
2008,WEST DELHI,UNKNOWN,PEDESTRIAN,SIMPLE ACCIDENT,1,0,,,
2008,SOUTH EAST DELHI,TEMPO,PEDESTRIAN,SIMPLE ACCIDENT,2,0,,,
2008,CENTRAL DELHI,TEMPO,PEDESTRIAN,SIMPLE ACCIDENT,1,0,,,
2008,CENTRAL DELHI,S/C&M/C,PEDESTRIAN,SIMPLE ACCIDENT,1,0,,,
2008,CENTRAL DELHI,PVT CAR,CYCLE RICKSHAW,SIMPLE ACCIDENT,1,0,,,
2008,CENTRAL DELHI,S/C&M/C,PEDESTRIAN,SIMPLE ACCIDENT,1,0,,,
2008,SOUTH WEST DELHI,PVT CAR,PEDESTRIAN,FATAL ACCIDENT,0,1,,,
2008,EAST DELHI,UNKNOWN,PEDESTRIAN,FATAL ACCIDENT,0,1,,,
2008,NEW DELHI,PVT CAR,S/C & M/C,SIMPLE ACCIDENT,1,0,,,
2008,NEW DELHI,S/C&M/C,S/C & M/C,SIMPLE ACCIDENT,1,0,,,
2008,NEW DELHI,TAXI,TSR,FATAL ACCIDENT,0,1,,,
2008,NORTH WEST DELHI,HTV/GDS,CYCLE,SIMPLE ACCIDENT,3,0,,,
2008,NORTH EAST DELHI,UNKNOWN,PEDESTRIAN,FATAL ACCIDENT,0,1,,,
2008,EAST DELHI,PVT CAR,S/C & M/C,SIMPLE ACCIDENT,2,0,,,
2008,SOUTH WEST DELHI,PVT CAR,PEDESTRIAN,SIMPLE ACCIDENT,1,0,,,
2008,NORTH WEST DELHI,UNKNOWN,PEDESTRIAN,SIMPLE ACCIDENT,1,0,,,
2008,SOUTH EAST DELHI,TSR,SELF,FATAL ACCIDENT,1,1,,,
2008,SOUTH WEST DELHI,PVT CAR,PEDESTRIAN,SIMPLE ACCIDENT,1,0,,,
2008,NORTH EAST DELHI,TEMPO,SELF,NON INJURY,0,0,,,
2008,EAST DELHI,TEMPO,PEDESTRIAN,SIMPLE ACCIDENT,1,0,,,
2008,NEW DELHI,UNKNOWN,PEDESTRIAN,FATAL ACCIDENT,0,1,,,
2008,CENTRAL DELHI,PVT CAR,TSR,SIMPLE ACCIDENT,1,0,,,
2008,WEST DELHI,UNKNOWN,PEDESTRIAN,SIMPLE ACCIDENT,1,0,,,
2008,SOUTH EAST DELHI,DELIVRY,S/C & M/C,SIMPLE ACCIDENT,1,0,,,
2008,SOUTH WEST DELHI,UNKNOWN,CYCLE,FATAL ACCIDENT,0,1,,,
2008,SOUTH EAST DELHI,BLUE LN,PEDESTRIAN,FATAL ACCIDENT,0,1,,,
2008,SOUTH EAST DELHI,PVT CAR,S/C & M/C,SIMPLE ACCIDENT,1,0,,,
2008,NEW DELHI,UNKNOWN,S/C & M/C,SIMPLE ACCIDENT,1,0,,,
2008,SOUTH EAST DELHI,PVT CAR,PEDESTRIAN,SIMPLE ACCIDENT,1,0,,,
2008,NORTH WEST DELHI,UNKNOWN,PEDESTRIAN,FATAL ACCIDENT,0,1,,,
2008,NEW DELHI,PVT CAR,PEDESTRIAN,SIMPLE ACCIDENT,1,0,,,
2008,CENTRAL DELHI,TEMPO,CYCLE,SIMPLE ACCIDENT,1,0,,,
2008,NORTH WEST DELHI,UNKNOWN,PEDESTRIAN,SIMPLE ACCIDENT,1,0,,,
2008,WEST DELHI,DTC BUS,TNG,FATAL ACCIDENT,0,1,,,
2008,CENTRAL DELHI,DTC BUS,TSR,SIMPLE ACCIDENT,1,0,,,
2008,SHAHDARA,S/C&M/C,CYCLE RICKSHAW,SIMPLE ACCIDENT,2,0,,,
2008,EAST DELHI,UNKNOWN,S/C & M/C,FATAL ACCIDENT,0,1,,,
2008,WEST DELHI,PVT CAR,PEDESTRIAN,SIMPLE ACCIDENT,1,0,,,
2008,SHAHDARA,PVT CAR,CYCLE,SIMPLE ACCIDENT,1,0,,,
2008,SOUTH DELHI,PVT CAR,TSR,SIMPLE ACCIDENT,1,0,,,
2008,WEST DELHI,UNKNOWN,PEDESTRIAN,FATAL ACCIDENT,0,1,,,
2008,EAST DELHI,PVT CAR,S/C & M/C,SIMPLE ACCIDENT,1,0,,,
2008,SOUTH WEST DELHI,S/C&M/C,PEDESTRIAN,SIMPLE ACCIDENT,1,0,,,
2008,NEW DELHI,UNKNOWN,S/C & M/C,SIMPLE ACCIDENT,1,0,,,
2008,NEW DELHI,BLUE LN,DTC,SIMPLE ACCIDENT,1,0,,,
2008,SOUTH WEST DELHI,S/C&M/C,PEDESTRIAN,SIMPLE ACCIDENT,1,0,,,
2008,NORTH WEST DELHI,PVT CAR,PEDESTRIAN,FATAL ACCIDENT,0,1,,,
2008,NORTH EAST DELHI,PVT CAR,S/C & M/C,FATAL ACCIDENT,0,1,,,
2008,CENTRAL DELHI,PVT CAR,PEDESTRIAN,SIMPLE ACCIDENT,1,0,,,
2008,CENTRAL DELHI,PVT CAR,CAR,SIMPLE ACCIDENT,1,0,,,
2008,CENTRAL DELHI,TEMPO,S/C & M/C,SIMPLE ACCIDENT,1,0,,,
2008,EAST DELHI,PVT CAR,PEDESTRIAN,SIMPLE ACCIDENT,1,0,,,
2008,SOUTH DELHI,BLUE LN,TSR,NON INJURY,0,0,,,
2008,WEST DELHI,BUS OTR,SELF,NON INJURY,0,0,,,
2008,NORTH DELHI(ROHINI),TRL/CON,S/C & M/C,SIMPLE ACCIDENT,2,0,,,
2008,NORTH DELHI(ROHINI),PVT CAR,CYCLE RICKSHAW,SIMPLE ACCIDENT,1,0,,,
2008,EAST DELHI,UNKNOWN,PEDESTRIAN,SIMPLE ACCIDENT,1,0,,,
2008,NEW DELHI,TSR,POV,NON INJURY,0,0,,,
2008,EAST DELHI,S/C&M/C,PEDESTRIAN,SIMPLE ACCIDENT,1,0,,,
2008,WEST DELHI,BLUE LN,PASSANGER,SIMPLE ACCIDENT,1,0,,,
2008,WEST DELHI,PVT CAR,SELF,NON INJURY,0,0,,,
2008,WEST DELHI,BLUE LN,AMBULANCE,NON INJURY,0,0,,,
2008,NEW DELHI,UNKNOWN,PEDESTRIAN,FATAL ACCIDENT,0,1,,,
2008,EAST DELHI,S/C&M/C,PEDESTRIAN,SIMPLE ACCIDENT,1,0,,,
2008,EAST DELHI,BLUE LN,CAR,NON INJURY,0,0,,,
2008,NEW DELHI,UNKNOWN,S/C & M/C,SIMPLE ACCIDENT,2,0,,,
2008,CENTRAL DELHI,UNKNOWN,PEDESTRIAN,SIMPLE ACCIDENT,1,0,,,
2008,NORTH DELHI(ROHINI),PVT CAR,PEDESTRIAN,SIMPLE ACCIDENT,4,0,,,
2008,NEW DELHI,PVT CAR,S/C & M/C,SIMPLE ACCIDENT,1,0,,,
2008,SOUTH EAST DELHI,PVT CAR,CAR,NON INJURY,0,0,,,
2008,CENTRAL DELHI,TEMPO,CYCLE,FATAL ACCIDENT,0,1,,,
2008,NORTH WEST DELHI,UNKNOWN,PEDESTRIAN,SIMPLE ACCIDENT,1,0,,,
2008,SOUTH WEST DELHI,MIN.BUS,S/C & M/C,FATAL ACCIDENT,0,1,,,
2008,SHAHDARA,S/C&M/C,S/C & M/C,SIMPLE ACCIDENT,1,0,,,
2008,NORTH DELHI(ROHINI),HTV/GDS,CAR,NON INJURY,0,0,,,
2008,NORTH DELHI(ROHINI),TRACTOR,SELF,SIMPLE ACCIDENT,1,0,,,
2008,NORTH DELHI(ROHINI),DELIVRY,PEDESTRIAN,SIMPLE ACCIDENT,1,0,,,
2008,WEST DELHI,UNKNOWN,PEDESTRIAN,FATAL ACCIDENT,0,1,,,
2008,EAST DELHI,PVT CAR,CYCLE,SIMPLE ACCIDENT,1,0,,,
2008,SOUTH DELHI,S/C&M/C,SELF,FATAL ACCIDENT,1,1,,,
2008,EAST DELHI,BLUE LN,PASSANGER,SIMPLE ACCIDENT,1,0,,,
2008,WEST DELHI,BLUE LN,SELF,NON INJURY,0,0,,,
2008,SHAHDARA,TEMPO,S/C & M/C,SIMPLE ACCIDENT,2,0,,,
2008,WEST DELHI,PVT CAR,PEDESTRIAN,SIMPLE ACCIDENT,1,0,,,
2008,NEW DELHI,UNKNOWN,PEDESTRIAN,FATAL ACCIDENT,0,1,,,
2008,WEST DELHI,UNKNOWN,S/C & M/C,SIMPLE ACCIDENT,1,0,,,
2008,WEST DELHI,TSR,TSR,SIMPLE ACCIDENT,1,0,,,
2008,NORTH EAST DELHI,TSR,CYCLE,SIMPLE ACCIDENT,1,0,,,
2008,WEST DELHI,PVT CAR,PEDESTRIAN,SIMPLE ACCIDENT,1,0,,,
2008,CENTRAL DELHI,TEMPO,PEDESTRIAN,SIMPLE ACCIDENT,1,0,,,
2008,NORTH WEST DELHI,PVT CAR,PEDESTRIAN,SIMPLE ACCIDENT,1,0,,,
2008,NORTH WEST DELHI,HTV/GDS,S/C & M/C,SIMPLE ACCIDENT,1,0,,,
2008,NORTH WEST DELHI,STEEM R,S/C & M/C,FATAL ACCIDENT,0,1,,,
2008,NORTH DELHI(ROHINI),PVT CAR,S/C & M/C,SIMPLE ACCIDENT,1,0,,,
2008,SOUTH EAST DELHI,UNKNOWN,TSR,FATAL ACCIDENT,2,1,,,
2008,NEW DELHI,HTV/GDS,TMP,SIMPLE ACCIDENT,1,0,,,
2008,SOUTH EAST DELHI,PVT CAR,PEDESTRIAN,SIMPLE ACCIDENT,1,0,,,
2008,EAST DELHI,TEMPO,S/C & M/C,SIMPLE ACCIDENT,1,0,,,
2008,NORTH WEST DELHI,PVT CAR,PEDESTRIAN,SIMPLE ACCIDENT,2,0,,,
2008,EAST DELHI,S/C&M/C,PEDESTRIAN,SIMPLE ACCIDENT,1,0,,,
2008,SOUTH WEST DELHI,UNKNOWN,S/C & M/C,SIMPLE ACCIDENT,1,0,,,
2008,WEST DELHI,TSR,PEDESTRIAN,SIMPLE ACCIDENT,1,0,,,
2008,NORTH DELHI(ROHINI),BUS OTR,S/C & M/C,FATAL ACCIDENT,0,1,,,
2008,SOUTH DELHI,S/C&M/C,SELF,FATAL ACCIDENT,0,1,,,
2008,NORTH WEST DELHI,UNKNOWN,PEDESTRIAN,SIMPLE ACCIDENT,1,0,,,
2008,SOUTH DELHI,UNKNOWN,S/C & M/C,FATAL ACCIDENT,0,1,,,
2008,SOUTH DELHI,TEMPO,PEDESTRIAN,FATAL ACCIDENT,0,1,,,
2008,WEST DELHI,TEMPO,PEDESTRIAN,FATAL ACCIDENT,0,1,,,
2008,CENTRAL DELHI,UNKNOWN,PEDESTRIAN,FATAL ACCIDENT,0,1,,,
2008,WEST DELHI,PVT CAR,TSR,SIMPLE ACCIDENT,1,0,,,
2008,NORTH DELHI(ROHINI),PVT CAR,PEDESTRIAN,SIMPLE ACCIDENT,1,0,,,
2008,SHAHDARA,S/C&M/C,S/C & M/C,SIMPLE ACCIDENT,1,0,,,
2008,EAST DELHI,S/C&M/C,PEDESTRIAN,SIMPLE ACCIDENT,1,0,,,
2008,NEW DELHI,UNKNOWN,PEDESTRIAN,FATAL ACCIDENT,0,1,,,
2008,NEW DELHI,UNKNOWN,S/C & M/C,SIMPLE ACCIDENT,1,0,,,
2008,NORTH EAST DELHI,S/C&M/C,PEDESTRIAN,FATAL ACCIDENT,2,1,,,
2008,NEW DELHI,UNKNOWN,PEDESTRIAN,FATAL ACCIDENT,0,1,,,
2008,SHAHDARA,PVT CAR,S/C & M/C,FATAL ACCIDENT,0,1,,,
2008,EAST DELHI,TSR,PEDESTRIAN,SIMPLE ACCIDENT,3,0,,,
2008,NORTH DELHI(ROHINI),HTV/GDS,PEDESTRIAN,FATAL ACCIDENT,0,1,,,
2008,NORTH DELHI(ROHINI),TEMPO,PEDESTRIAN,SIMPLE ACCIDENT,1,0,,,
2008,SOUTH EAST DELHI,TRACTOR,CYCLE,SIMPLE ACCIDENT,1,0,,,
2008,SOUTH WEST DELHI,TANKER,CYCLE,SIMPLE ACCIDENT,2,0,,,
2008,SOUTH WEST DELHI,UNKNOWN,PEDESTRIAN,SIMPLE ACCIDENT,2,0,,,
2008,CENTRAL DELHI,DTC BUS,S/C & M/C,SIMPLE ACCIDENT,1,0,,,
2008,SHAHDARA,PVT CAR,CYCLE,SIMPLE ACCIDENT,1,0,,,
2008,SOUTH EAST DELHI,PVT CAR,S/C & M/C,SIMPLE ACCIDENT,1,0,,,
2008,NORTH DELHI(ROHINI),S/C&M/C,SELF,SIMPLE ACCIDENT,1,0,,,
2008,SOUTH DELHI,UNKNOWN,S/C & M/C,SIMPLE ACCIDENT,1,0,,,
2008,NORTH DELHI(ROHINI),HTV/GDS,SELF,NON INJURY,0,0,,,
2008,CENTRAL DELHI,DTC BUS,PEDESTRIAN,SIMPLE ACCIDENT,1,0,,,
2008,SOUTH DELHI,UNKNOWN,S/C & M/C,SIMPLE ACCIDENT,2,0,,,
2008,CENTRAL DELHI,UNKNOWN,PEDESTRIAN,FATAL ACCIDENT,0,1,,,
2008,SOUTH WEST DELHI,UNKNOWN,PEDESTRIAN,SIMPLE ACCIDENT,1,0,,,
2008,EAST DELHI,PVT CAR,PEDESTRIAN,FATAL ACCIDENT,1,1,,,
2008,EAST DELHI,S/C&M/C,PEDESTRIAN,SIMPLE ACCIDENT,1,0,,,
2008,EAST DELHI,UNKNOWN,PEDESTRIAN,SIMPLE ACCIDENT,1,0,,,
2008,WEST DELHI,UNKNOWN,PEDESTRIAN,SIMPLE ACCIDENT,1,0,,,
2008,SOUTH EAST DELHI,TEMPO,CYCLE,SIMPLE ACCIDENT,1,0,,,
2008,NORTH EAST DELHI,UNKNOWN,PEDESTRIAN,SIMPLE ACCIDENT,1,0,,,
2008,NORTH WEST DELHI,PVT CAR,S/C & M/C,SIMPLE ACCIDENT,1,0,,,
2008,SOUTH WEST DELHI,MIN.BUS,CYCLE,SIMPLE ACCIDENT,1,0,,,
2008,NEW DELHI,UNKNOWN,PEDESTRIAN,FATAL ACCIDENT,0,1,,,
2008,NEW DELHI,S/C&M/C,PEDESTRIAN,SIMPLE ACCIDENT,1,0,,,
2008,NEW DELHI,PVT CAR,S/C & M/C,SIMPLE ACCIDENT,1,0,,,
2008,NORTH WEST DELHI,UNKNOWN,S/C & M/C,SIMPLE ACCIDENT,1,0,,,
2008,SOUTH EAST DELHI,HTV/GDS,CAR,SIMPLE ACCIDENT,1,0,,,
2008,CENTRAL DELHI,S/C&M/C,PEDESTRIAN,SIMPLE ACCIDENT,1,0,,,
2008,SOUTH WEST DELHI,PVT CAR,TSR,SIMPLE ACCIDENT,3,0,,,
2008,NORTH DELHI(ROHINI),TEMPO,S/C & M/C,FATAL ACCIDENT,0,1,,,
2008,SOUTH EAST DELHI,TEMPO,S/C & M/C,SIMPLE ACCIDENT,1,0,,,
2008,NORTH DELHI(ROHINI),UNKNOWN,PEDESTRIAN,FATAL ACCIDENT,0,1,,,
2008,CENTRAL DELHI,PVT CAR,S/C & M/C,SIMPLE ACCIDENT,2,0,,,
2008,WEST DELHI,PVT CAR,PEDESTRIAN,SIMPLE ACCIDENT,1,0,,,
2008,SOUTH EAST DELHI,S/C&M/C,PEDESTRIAN,SIMPLE ACCIDENT,1,0,,,
2008,SHAHDARA,UNKNOWN,PEDESTRIAN,FATAL ACCIDENT,0,1,,,
2008,CENTRAL DELHI,PVT CAR,PEDESTRIAN,SIMPLE ACCIDENT,1,0,,,
2008,EAST DELHI,PVT CAR,S/C & M/C,SIMPLE ACCIDENT,1,0,,,
2008,WEST DELHI,DTC BUS,PASSANGER,SIMPLE ACCIDENT,1,0,,,
2008,SOUTH WEST DELHI,HTV/GDS,HTV,FATAL ACCIDENT,0,1,,,
2008,NORTH DELHI(ROHINI),TEMPO,S/C & M/C,SIMPLE ACCIDENT,2,0,,,
2008,SOUTH DELHI,BLUE LN,S/C & M/C,FATAL ACCIDENT,0,1,,,
2008,NORTH WEST DELHI,HTV/GDS,PEDESTRIAN,FATAL ACCIDENT,0,1,,,
2008,NORTH DELHI(ROHINI),UNKNOWN,PEDESTRIAN,FATAL ACCIDENT,0,1,,,
2008,WEST DELHI,PVT CAR,S/C & M/C,SIMPLE ACCIDENT,1,0,,,
2008,SOUTH EAST DELHI,UNKNOWN,S/C & M/C,FATAL ACCIDENT,0,1,,,
2008,NEW DELHI,UNKNOWN,S/C & M/C,FATAL ACCIDENT,0,1,,,
2008,SOUTH EAST DELHI,UNKNOWN,S/C & M/C,FATAL ACCIDENT,0,1,,,
2008,NEW DELHI,PVT CAR,SELF,NON INJURY,0,0,,,
2008,NEW DELHI,PVT CAR,TSR,SIMPLE ACCIDENT,1,0,,,
2008,NORTH DELHI(ROHINI),HTV/GDS,TRC,SIMPLE ACCIDENT,1,0,,,
2008,SOUTH WEST DELHI,PVT CAR,PEDESTRIAN,FATAL ACCIDENT,0,1,,,
2008,NORTH WEST DELHI,TRACTOR,S/C & M/C,SIMPLE ACCIDENT,1,0,,,
2008,NEW DELHI,TEMPO,CAR,NON INJURY,0,0,,,
2008,NORTH EAST DELHI,HTV/GDS,SELF,NON INJURY,0,0,,,
2008,CENTRAL DELHI,S/C&M/C,PEDESTRIAN,SIMPLE ACCIDENT,1,0,,,
2008,WEST DELHI,S/C&M/C,PEDESTRIAN,SIMPLE ACCIDENT,1,0,,,
2008,NORTH EAST DELHI,UNKNOWN,S/C & M/C,SIMPLE ACCIDENT,1,0,,,
2008,CENTRAL DELHI,TEMPO,S/C & M/C,FATAL ACCIDENT,0,1,,,
2008,CENTRAL DELHI,UNKNOWN,PEDESTRIAN,FATAL ACCIDENT,0,1,,,
2008,CENTRAL DELHI,TSR,PEDESTRIAN,SIMPLE ACCIDENT,1,0,,,
2008,CENTRAL DELHI,S/C&M/C,S/C & M/C,SIMPLE ACCIDENT,1,0,,,
2008,WEST DELHI,UNKNOWN,PEDESTRIAN,SIMPLE ACCIDENT,1,0,,,
2008,SOUTH WEST DELHI,PVT CAR,S/C & M/C,SIMPLE ACCIDENT,1,0,,,
2008,WEST DELHI,BLUE LN,PEDESTRIAN,SIMPLE ACCIDENT,1,0,,,
2008,SOUTH WEST DELHI,DELIVRY,PEDESTRIAN,SIMPLE ACCIDENT,1,0,,,
2008,NORTH DELHI(ROHINI),PVT CAR,CYCLE RICKSHAW,SIMPLE ACCIDENT,1,0,,,
2008,WEST DELHI,BUS OTR,SELF,NON INJURY,0,0,,,
2008,SHAHDARA,TRACTOR,CYCLE,SIMPLE ACCIDENT,1,0,,,
2008,CENTRAL DELHI,PVT CAR,S/C & M/C,SIMPLE ACCIDENT,1,0,,,
2008,SOUTH DELHI,PVT CAR,S/C & M/C,SIMPLE ACCIDENT,2,0,,,
2008,CENTRAL DELHI,UNKNOWN,PEDESTRIAN,FATAL ACCIDENT,0,1,,,
2008,SOUTH EAST DELHI,UNKNOWN,PEDESTRIAN,FATAL ACCIDENT,0,1,,,
2008,NORTH WEST DELHI,S/C&M/C,SELF,SIMPLE ACCIDENT,1,0,,,
2008,NEW DELHI,BLUE LN,SELF,NON INJURY,0,0,,,
2008,NORTH WEST DELHI,S/C&M/C,S/C & M/C,FATAL ACCIDENT,0,1,,,
2008,WEST DELHI,TSR,S/C & M/C,FATAL ACCIDENT,0,1,,,
2008,CENTRAL DELHI,TRACTOR,S/C & M/C,SIMPLE ACCIDENT,2,0,,,
2008,NORTH WEST DELHI,TEMPO,PEDESTRIAN,FATAL ACCIDENT,0,1,,,
2008,NORTH WEST DELHI,UNKNOWN,S/C & M/C,SIMPLE ACCIDENT,1,0,,,
2008,SHAHDARA,S/C&M/C,PEDESTRIAN,SIMPLE ACCIDENT,1,0,,,
2008,SOUTH EAST DELHI,TSR,PEDESTRIAN,SIMPLE ACCIDENT,1,0,,,
2008,NORTH EAST DELHI,PVT CAR,PEDESTRIAN,SIMPLE ACCIDENT,1,0,,,
2008,NORTH WEST DELHI,S/C&M/C,PEDESTRIAN,SIMPLE ACCIDENT,1,0,,,
2008,NORTH WEST DELHI,PVT CAR,S/C & M/C,SIMPLE ACCIDENT,1,0,,,
2008,NORTH DELHI(ROHINI),HTV/GDS,CAR,NON INJURY,0,0,,,
2008,WEST DELHI,S/C&M/C,PEDESTRIAN,SIMPLE ACCIDENT,1,0,,,
2008,SOUTH WEST DELHI,PVT CAR,S/C & M/C,SIMPLE ACCIDENT,1,0,,,
2008,NORTH DELHI(ROHINI),UNKNOWN,PEDESTRIAN,SIMPLE ACCIDENT,1,0,,,
2008,NORTH DELHI(ROHINI),PVT CAR,S/C & M/C,SIMPLE ACCIDENT,1,0,,,
2008,NORTH WEST DELHI,HTV/GDS,SELF,NON INJURY,0,0,,,
2008,NORTH WEST DELHI,PVT CAR,PEDESTRIAN,SIMPLE ACCIDENT,1,0,,,
2008,CENTRAL DELHI,UNKNOWN,S/C & M/C,FATAL ACCIDENT,0,1,,,
2008,EAST DELHI,PVT CAR,S/C & M/C,SIMPLE ACCIDENT,1,0,,,
2008,SOUTH EAST DELHI,S/C&M/C,PEDESTRIAN,SIMPLE ACCIDENT,1,0,,,
2008,WEST DELHI,BLUE LN,PASSANGER,FATAL ACCIDENT,0,1,,,
2008,NEW DELHI,UNKNOWN,PEDESTRIAN,SIMPLE ACCIDENT,1,0,,,
2008,SHAHDARA,UNKNOWN,PEDESTRIAN,FATAL ACCIDENT,0,1,,,
2008,SOUTH EAST DELHI,PVT CAR,S/C & M/C,SIMPLE ACCIDENT,1,0,,,
2008,NEW DELHI,UNKNOWN,S/C & M/C,SIMPLE ACCIDENT,1,0,,,
2008,EAST DELHI,TEMPO,SELF,NON INJURY,0,0,,,
2008,SOUTH EAST DELHI,BLUE LN,PEDESTRIAN,FATAL ACCIDENT,0,1,,,
2008,NORTH DELHI(ROHINI),HTV/GDS,TMP,SIMPLE ACCIDENT,1,0,,,
2008,SOUTH DELHI,HTV/GDS,SELF,NON INJURY,0,0,,,
2008,NORTH DELHI(ROHINI),PVT CAR,CAR,SIMPLE ACCIDENT,1,0,,,
2008,NORTH DELHI(ROHINI),HTV/GDS,PEDESTRIAN,SIMPLE ACCIDENT,1,0,,,
2008,NORTH EAST DELHI,MIN.BUS,S/C & M/C,SIMPLE ACCIDENT,1,0,,,
2008,EAST DELHI,MIN.BUS,PEDESTRIAN,SIMPLE ACCIDENT,1,0,,,
2008,WEST DELHI,UNKNOWN,S/C & M/C,FATAL ACCIDENT,0,1,,,
2008,NEW DELHI,PVT CAR,PEDESTRIAN,SIMPLE ACCIDENT,2,0,,,
2008,EAST DELHI,S/C&M/C,PEDESTRIAN,SIMPLE ACCIDENT,1,0,,,
2008,NORTH DELHI(ROHINI),BUS OTR,TMP,SIMPLE ACCIDENT,1,0,,,
2008,NORTH DELHI(ROHINI),PVT CAR,PEDESTRIAN,SIMPLE ACCIDENT,1,0,,,
2008,EAST DELHI,BUS OTR,CAR,NON INJURY,0,0,,,
2008,WEST DELHI,PVT CAR,CYCLE RICKSHAW,SIMPLE ACCIDENT,1,0,,,
2008,EAST DELHI,BLUE LN,PASSANGER,SIMPLE ACCIDENT,1,0,,,
2008,WEST DELHI,UNKNOWN,S/C & M/C,FATAL ACCIDENT,0,1,,,
2008,NORTH DELHI(ROHINI),UNKNOWN,PEDESTRIAN,SIMPLE ACCIDENT,1,0,,,
2008,WEST DELHI,TEMPO,CAR,NON INJURY,0,0,,,
2008,NORTH EAST DELHI,S/C&M/C,CYCLE,SIMPLE ACCIDENT,1,0,,,
2008,NEW DELHI,PVT CAR,CYCLE,SIMPLE ACCIDENT,1,0,,,
2008,SOUTH EAST DELHI,UNKNOWN,PEDESTRIAN,SIMPLE ACCIDENT,1,0,,,
2008,NEW DELHI,TEMPO,SELF,NON INJURY,0,0,,,
2008,NORTH EAST DELHI,UNKNOWN,PEDESTRIAN,SIMPLE ACCIDENT,1,0,,,
2008,NEW DELHI,UNKNOWN,S/C & M/C,FATAL ACCIDENT,0,1,,,
2008,NORTH EAST DELHI,PVT CAR,S/C & M/C,SIMPLE ACCIDENT,1,0,,,
2008,NORTH EAST DELHI,PVT CAR,DELIVERY VAN,SIMPLE ACCIDENT,2,0,,,
2008,WEST DELHI,BUS SCL,PEDESTRIAN,SIMPLE ACCIDENT,1,0,,,
2008,NORTH DELHI(ROHINI),HTV/GDS,CAR,NON INJURY,0,0,,,
2008,SOUTH WEST DELHI,CAL CAB,S/C & M/C,SIMPLE ACCIDENT,1,0,,,
2008,SOUTH EAST DELHI,UNKNOWN,TSR,SIMPLE ACCIDENT,1,0,,,
2017,NEW DELHI,PVT CAR,CYCLE,SIMPLE ACCIDENT,1,0,,,
2017,SOUTH WEST DELHI,MIN.BUS,S/C & M/C,FATAL ACCIDENT,0,1,,,
2017,SOUTH WEST DELHI,ERCAW,SELF,SIMPLE ACCIDENT,2,0,,,
2017,SOUTH WEST DELHI,PVT CAR,ERC,SIMPLE ACCIDENT,1,0,,,
